Cruise,Station,Type,Date_Time,Longitude_[decimal_degrees_east],Latitude_[decimal_degrees_north],Bot. Depth [m],Cast_Number,Pressure_[dbar],Bottle_Number,Temperature_[C],Temperature2_[C],Conductivity_[S/m],Conductivity2_[S/m],Voltage0_[V],Voltage1_[V],Voltage2_[V],Voltage3_[V],Voltage4_[V],Voltage5_[V],Voltage6_[V],Fluorescence_[mg/m3],BeamAttenuation_[1/m],BeamTransmission_[%],PAR_[umol_photons/m2/sec],Oxygen_[umol/kg],Oxygen2_[umol/kg],OxygenPS_[%_saturation],OxygenPS2_[%_saturation],Altimeter_[m],SUNA,Salinity_[psu],Salinity2_[psu],Density_[kg/m3_sigmat],Density2_[kg/m3_sigmat]
SKQ202006S,RES2.5,B,2020-05-04T15:15:19,-149.3582,60.025,292,1,291.03,1,6.0036,6.0021,3.3016,3.3019,0.016,2.9972,1.4017,1.5749,3.9217,0.1257,0.2179,0.048,0.7134,83.6645,0.0,139.07,139.635,45.749,45.935,4.36,23.7294,33.3301,33.3349,26.2327,26.2367
SKQ202006S,RES2.5,B,2020-05-04T15:19:12,-149.3582,60.025,292,1,252.24,2,6.0385,6.0379,3.2956,3.2958,0.0135,2.8842,1.4831,1.6741,4.1862,0.1255,2.1318,-0.0107,0.4523,89.3078,0.0,150.87,151.005,49.641,49.686,42.64,22.8129,33.2469,33.2504,26.1627,26.1655
SKQ202006S,RES2.5,B,2020-05-04T15:21:24,-149.3582,60.025,292,1,202.16,3,6.0285,6.0282,3.2812,3.2815,0.015,2.8091,1.5609,1.7699,4.2403,0.1255,4.6143,0.0246,0.401,90.4612,0.0,161.996,161.828,53.239,53.185,92.29,22.2038,33.1206,33.1241,26.0642,26.0669
SKQ202006S,RES2.5,B,2020-05-04T15:23:29,-149.3582,60.025,292,1,151.58,4,5.5978,5.5973,3.1753,3.1756,0.0134,2.2768,2.0888,2.4154,4.4315,0.1249,1.7136,-0.0137,0.2244,94.5433,0.0,245.509,247.069,79.434,79.94,34.27,17.8866,32.3718,32.3757,25.5243,25.5274
SKQ202006S,RES2.5,B,2020-05-04T15:26:03,-149.3582,60.025,292,1,125.82,5,5.3305,5.3316,3.136,3.1365,0.0144,2.0319,2.1882,2.527,4.4525,0.1245,2.9966,0.0084,0.2055,94.9904,0.0,262.47,260.908,84.278,83.781,59.93,15.9007,32.196,32.2002,25.416,25.4192
SKQ202006S,RES2.5,B,2020-05-04T15:28:00,-149.3582,60.025,292,1,101.08,6,4.9645,4.9773,3.0874,3.088,0.0154,2.0126,2.2478,2.5983,4.45,0.1245,5.0,0.0348,0.2078,94.9378,0.0,273.617,272.665,86.973,86.693,100.0,15.7441,32.0047,31.999,25.3051,25.2992
SKQ202006S,RES2.5,B,2020-05-04T15:30:11,-149.3582,60.025,292,1,75.82,7,4.574,4.5357,3.0412,3.0373,0.0171,1.8371,2.3131,2.6771,4.4711,0.1259,5.0,0.0743,0.1889,95.3877,0.0,286.617,284.306,90.16,89.346,100.0,14.3205,31.8596,31.8518,25.2314,25.2292
SKQ202006S,RES2.5,B,2020-05-04T15:32:21,-149.3582,60.025,292,1,50.31,8,4.2996,4.2998,3.0057,3.006,0.0453,1.4636,2.4006,2.7878,4.4864,0.1404,5.0,0.7524,0.1753,95.7126,0.0,301.629,300.876,94.162,93.93,100.0,11.2923,31.7245,31.7283,25.152,25.155
SKQ202006S,RES2.5,B,2020-05-04T15:35:02,-149.3582,60.025,292,1,40.28,9,4.4018,4.4007,3.0123,3.0125,0.0951,1.2829,2.4715,2.883,4.3802,0.1734,5.0,1.9461,0.2711,93.4484,0.0216,311.488,312.946,97.468,97.924,100.0,9.8263,31.7082,31.7116,25.1289,25.1317
SKQ202006S,RES2.5,B,2020-05-04T15:36:45,-149.3582,60.025,292,1,30.3,10,4.4647,4.4646,3.0157,3.016,0.0888,1.2537,2.5305,2.9551,4.2573,0.3076,5.0,1.7948,0.3849,90.8259,0.159,319.928,319.584,100.249,100.143,100.0,9.5891,31.6925,31.6958,25.11,25.1127
SKQ202006S,RES2.5,B,2020-05-04T15:38:36,-149.3582,60.025,292,1,20.16,11,4.6155,4.6139,3.0265,3.0266,0.2408,0.9017,2.6511,3.0914,4.1134,0.8141,5.0,5.4441,0.5225,87.7541,1.3,337.434,336.436,106.107,105.791,100.0,6.735,31.6775,31.6807,25.0827,25.0854
SKQ202006S,RES2.5,B,2020-05-04T15:40:25,-149.3582,60.025,292,1,9.9,12,5.4547,5.5194,3.0877,3.0865,0.0637,0.7294,3.1242,3.7169,4.0662,1.6847,4.9977,1.1938,0.5699,86.7481,12.0,403.552,408.155,129.37,130.974,99.95,5.3377,31.5866,31.5115,24.9198,24.8531
SKQ202006S,RES2.5,B,2020-05-04T15:42:21,-149.3582,60.025,292,1,3.16,13,6.6513,6.6694,3.1402,3.1414,0.0735,0.5461,3.1413,3.6796,4.2642,2.1203,5.0,1.4288,0.3784,90.9738,33.3,393.616,391.447,129.268,128.607,100.0,3.8512,31.0673,31.0648,24.3669,24.3626
SKQ202006S,RES2.5,B,2020-05-04T15:42:30,-149.3582,60.025,292,1,3.17,14,6.7405,6.727,3.1401,3.141,0.0614,0.4337,3.1099,3.6335,4.2438,2.1178,5.0,1.1364,0.3978,90.5377,33.1,386.662,383.562,127.17,126.132,100.0,2.9395,30.9856,31.0077,24.2913,24.3104
SKQ202006S,GAK1,B,2020-05-04T18:18:20,-149.4702,59.8447,270,2,267.09,1,5.8734,5.8727,3.3102,3.3105,0.0148,3.1992,1.2095,1.3478,3.7385,0.1257,0.2748,0.0186,0.9049,79.7552,0.0,109.091,110.128,35.841,36.183,5.5,25.3677,33.5669,33.5707,26.4359,26.439
SKQ202006S,GAK1,B,2020-05-04T18:18:40,-149.4702,59.8447,270,2,268.55,2,5.8735,5.8727,3.3104,3.3107,0.0148,3.1872,1.2092,1.3484,3.7133,0.1258,0.2063,0.0174,0.9322,79.2171,0.0,109.223,110.234,35.885,36.218,4.13,25.2701,33.5676,33.5717,26.4365,26.4398
SKQ202006S,GAK1,B,2020-05-04T18:22:07,-149.4702,59.8447,270,2,253.54,3,5.8815,5.8808,3.3084,3.3087,0.0135,3.1615,1.2605,1.4124,4.141,0.1252,0.9397,-0.0119,0.4957,88.3449,0.0,116.761,118.207,38.363,38.838,18.79,25.0615,33.5453,33.549,26.4179,26.4209
SKQ202006S,GAK1,B,2020-05-04T18:22:16,-149.4702,59.8447,270,2,253.82,4,5.8814,5.8808,3.3085,3.3087,0.0136,3.1809,1.2606,1.4122,4.1411,0.1253,1.2166,-0.0095,0.4957,88.3454,0.0,116.929,118.202,38.417,38.836,24.33,25.2194,33.5455,33.5491,26.4181,26.421
SKQ202006S,GAK1,B,2020-05-04T18:25:56,-149.4702,59.8447,270,2,203.21,5,6.0062,6.0055,3.3037,3.3039,0.0123,3.0688,1.409,1.5916,4.2498,0.1246,3.4376,-0.0412,0.392,90.6653,0.0,138.556,139.679,45.604,45.974,68.75,24.3102,33.3938,33.3971,26.2827,26.2854
SKQ202006S,GAK1,B,2020-05-04T18:26:04,-149.4702,59.8447,270,2,203.22,6,6.0063,6.0057,3.3037,3.3039,0.0129,3.0614,1.41,1.5925,4.2499,0.1246,3.4315,-0.0251,0.3919,90.6664,0.0,138.878,139.438,45.71,45.895,68.63,24.2497,33.3934,33.3968,26.2824,26.2851
SKQ202006S,GAK1,B,2020-05-04T18:29:24,-149.4702,59.8447,270,2,152.59,7,5.2963,5.2952,3.1458,3.146,0.0122,1.9325,2.2695,2.64,4.515,0.1245,5.0,-0.0424,0.1498,96.3246,0.0,275.782,276.757,88.567,88.88,100.0,15.0945,32.3267,32.3301,25.5233,25.5261
SKQ202006S,GAK1,B,2020-05-04T18:29:34,-149.4702,59.8447,270,2,152.13,8,5.2959,5.2952,3.1457,3.146,0.0135,1.915,2.2706,2.6438,4.517,0.1245,5.0,-0.0119,0.148,96.3666,0.0,276.072,277.828,88.659,89.224,100.0,14.9525,32.3266,32.33,25.5232,25.526
SKQ202006S,GAK1,B,2020-05-04T18:31:43,-149.4702,59.8447,270,2,127.01,9,5.2305,5.2293,3.1294,3.1296,0.0139,1.7223,2.3515,2.7367,4.5386,0.1245,4.2976,-0.0017,0.1289,96.8281,0.0,288.34,287.875,92.379,92.23,85.95,13.3895,32.216,32.2196,25.4431,25.4461
SKQ202006S,GAK1,B,2020-05-04T18:34:02,-149.4702,59.8447,270,2,101.45,10,5.1658,5.1571,3.1143,3.114,0.0147,1.5681,2.4269,2.8322,4.5326,0.1253,4.8595,0.0162,0.1343,96.6994,0.0,300.753,302.377,96.139,96.641,97.19,12.1394,32.1192,32.1232,25.3737,25.3778
SKQ202006S,GAK1,B,2020-05-04T18:34:09,-149.4702,59.8447,270,2,101.28,11,5.1481,5.13,3.1129,3.1117,0.0159,1.5248,2.4165,2.8074,4.5365,0.125,4.3921,0.0462,0.1309,96.7819,0.0,297.838,297.787,95.167,95.113,87.84,11.7884,32.1194,32.1237,25.3758,25.3812
SKQ202006S,GAK1,B,2020-05-04T18:36:23,-149.4702,59.8447,270,2,75.11,12,5.306,5.3143,3.111,3.112,0.0135,1.2039,2.5989,3.0438,4.573,0.1319,5.0,-0.0107,0.0988,97.5614,0.0,324.83,325.976,104.058,104.448,100.0,9.1859,31.9598,31.963,25.2318,25.2334
SKQ202006S,GAK1,B,2020-05-04T18:38:25,-149.4702,59.8447,270,2,50.41,13,4.9632,4.9628,3.0703,3.0706,0.0153,1.2825,2.5018,2.9182,4.5609,0.1759,4.9999,0.0312,0.1093,97.3045,0.0238,311.753,311.634,98.966,98.93,100.0,9.8235,31.8351,31.8386,25.1708,25.1737
SKQ202006S,GAK1,B,2020-05-04T18:38:31,-149.4702,59.8447,270,2,50.01,14,4.9678,4.9705,3.0706,3.0712,0.0153,1.316,2.5027,2.925,4.5578,0.1765,5.0,0.0306,0.1121,97.237,0.0244,311.925,313.435,99.031,99.52,100.0,10.0943,31.8344,31.8386,25.1698,25.1728
SKQ202006S,GAK1,B,2020-05-04T18:40:36,-149.4702,59.8447,270,2,40.54,15,4.8558,4.8557,3.0566,3.0569,0.0147,1.2498,2.4943,2.9175,4.56,0.2693,5.0,0.0156,0.1101,97.2854,0.116,311.388,312.54,98.56,98.928,100.0,9.5581,31.7845,31.7882,25.1423,25.1453
SKQ202006S,GAK1,B,2020-05-04T18:40:44,-149.4702,59.8447,270,2,40.34,16,4.8535,4.8531,3.0565,3.0568,0.015,1.2325,2.4967,2.9187,4.567,0.2722,5.0,0.024,0.1039,97.4348,0.119,311.522,312.498,98.598,98.909,100.0,9.4179,31.7858,31.7895,25.1435,25.1465
SKQ202006S,GAK1,B,2020-05-04T18:42:47,-149.4702,59.8447,270,2,30.86,17,5.1452,5.1451,3.0777,3.078,0.0237,1.0654,2.5864,3.0172,4.5475,0.3924,4.8168,0.2322,0.1211,97.0179,0.271,322.769,321.955,102.847,102.59,96.34,8.0627,31.7554,31.7593,25.0879,25.091
SKQ202006S,GAK1,B,2020-05-04T18:42:58,-149.4702,59.8447,270,2,31.22,18,5.1652,5.1722,3.0797,3.0808,0.0236,1.0882,2.5861,3.0211,4.5474,0.3925,5.0,0.231,0.1212,97.0158,0.271,322.956,323.582,102.959,103.179,100.0,8.2468,31.7593,31.765,25.0888,25.0925
SKQ202006S,GAK1,B,2020-05-04T18:44:52,-149.4702,59.8447,270,2,20.33,19,6.0544,6.0216,3.1405,3.1381,0.2542,0.552,3.0483,3.5821,3.9101,0.9056,4.9995,5.7658,0.7254,83.4157,1.69,384.438,384.296,125.017,124.878,99.99,3.8989,31.6123,31.6155,24.8701,24.8766
SKQ202006S,GAK1,B,2020-05-04T18:45:05,-149.4702,59.8447,270,2,20.12,20,6.0184,5.9935,3.1371,3.1357,0.2727,0.5034,3.0587,3.6015,3.9355,0.8914,4.9997,6.2077,0.6996,83.958,1.63,387.888,390.094,126.028,126.679,100.0,3.5048,31.608,31.6158,24.871,24.8801
SKQ202006S,GAK1,B,2020-05-04T18:47:32,-149.4702,59.8447,270,2,10.26,21,6.7138,6.7183,3.1577,3.1578,0.1126,0.4376,3.0189,3.5385,4.1615,1.6898,4.9212,2.366,0.476,88.7809,12.1,374.278,372.923,123.215,122.778,98.43,2.9707,31.1988,31.1957,24.4626,24.4596
SKQ202006S,GAK1,B,2020-05-04T18:48:10,-149.4702,59.8447,270,2,10.3,22,6.6426,6.6371,3.1601,3.1605,0.1366,0.4809,3.0169,3.5471,4.13,1.6772,4.8103,2.9425,0.5064,88.1093,11.8,375.13,376.568,123.375,123.841,96.21,3.3223,31.2904,31.2997,24.5437,24.5518
SKQ202006S,GAK1,B,2020-05-04T18:50:04,-149.4702,59.8447,270,2,3.09,23,6.7564,6.7558,3.1554,3.1557,0.0955,0.5027,3.0058,3.5356,4.1781,2.2979,3.9591,1.9551,0.4601,89.1355,50.3,371.493,372.677,122.364,122.755,79.18,3.4991,31.1387,31.1422,24.4098,24.4126
SKQ202006S,GAK1,B,2020-05-04T18:50:11,-149.4702,59.8447,270,2,3.45,24,6.7518,6.7497,3.1556,3.156,0.0825,0.5251,3.0085,3.531,4.1864,2.2648,2.9234,1.6447,0.4521,89.3121,46.7,372.709,373.028,122.757,122.861,58.47,3.6806,31.1449,31.1506,24.4153,24.42
SKQ202006S,GAK8,B,2020-05-05T17:09:37,-148.4902,58.8093,289,4,287.05,1,4.6905,4.6894,3.2379,3.2381,0.013,3.9608,0.8709,0.9343,4.391,0.1243,0.2387,-0.0233,0.2612,93.6792,0.0,58.559,59.302,18.759,18.997,4.77,31.5441,33.9195,33.9234,26.8533,26.8565
SKQ202006S,GAK8,B,2020-05-05T17:11:59,-148.4902,58.8093,289,4,253.62,2,4.869,4.8666,3.2492,3.2493,0.0122,3.8948,0.9388,1.0173,4.4908,0.1233,1.9108,-0.0424,0.1713,95.8077,0.0,68.825,69.755,22.136,22.435,38.22,31.0088,33.8855,33.8898,26.8065,26.8102
SKQ202006S,GAK8,B,2020-05-05T17:15:01,-148.4902,58.8093,289,4,203.37,3,5.3874,5.3865,3.2867,3.2869,0.0127,3.5913,1.0849,1.1928,4.552,0.1233,4.4241,-0.0304,0.1172,97.1131,0.0,90.242,90.435,29.368,29.431,88.48,28.5478,33.8176,33.8212,26.6929,26.6959
SKQ202006S,GAK8,B,2020-05-05T17:17:56,-148.4902,58.8093,289,4,151.28,4,6.136,6.1354,3.3363,3.3366,0.0122,3.2558,1.2615,1.4094,4.5676,0.1234,4.4452,-0.043,0.1035,97.4465,0.0,114.519,115.582,37.88,38.233,88.9,25.8268,33.6567,33.6608,26.4741,26.4774
SKQ202006S,GAK8,B,2020-05-05T17:20:21,-148.4902,58.8093,289,4,127.76,5,6.1089,6.1081,3.3199,3.3202,0.0122,3.1135,1.3617,1.5311,4.5613,0.1243,4.3475,-0.0424,0.109,97.3115,0.0,129.601,130.069,42.796,42.951,86.95,24.6727,33.5115,33.5152,26.3629,26.3659
SKQ202006S,GAK8,B,2020-05-05T17:22:31,-148.4902,58.8093,289,4,100.73,6,5.8958,5.8953,3.2729,3.2732,0.0129,2.8048,1.6005,1.8203,4.5582,0.1245,5.0,-0.0257,0.1117,97.2466,0.0,166.91,167.577,54.72,54.94,100.0,22.1692,33.2069,33.2114,26.1487,26.1523
SKQ202006S,GAK8,B,2020-05-05T17:24:47,-148.4902,58.8093,289,4,75.83,7,5.4767,5.4757,3.1944,3.1946,0.0147,2.2263,2.0314,2.3431,4.5633,0.1246,5.0,0.0156,0.1072,97.3551,0.0,234.2,233.774,75.768,75.63,100.0,17.4778,32.7422,32.7455,25.8314,25.8341
SKQ202006S,GAK8,B,2020-05-05T17:27:41,-148.4902,58.8093,289,4,52.58,8,5.1922,5.1903,3.1427,3.1427,0.0742,1.8674,2.3272,2.6993,4.4762,0.1324,5.0,1.4443,0.1843,95.4972,0.0,281.729,281.143,90.331,90.14,100.0,14.5667,32.4411,32.4431,25.6256,25.6274
SKQ202006S,GAK8,B,2020-05-05T17:29:36,-148.4902,58.8093,289,4,40.9,9,5.1964,5.1954,3.1353,3.1355,0.215,1.584,2.448,2.8426,4.1945,0.1715,5.0,4.8245,0.4444,89.4854,0.0199,300.161,298.517,96.191,95.665,100.0,12.2685,32.3587,32.3621,25.5599,25.5627
SKQ202006S,GAK8,B,2020-05-05T17:31:32,-148.4902,58.8093,289,4,30.84,10,5.8681,5.8604,3.1834,3.1831,0.7135,0.95,2.7228,3.1801,3.6889,0.3393,4.9988,16.7889,0.9583,78.6965,0.199,335.541,335.306,109.166,109.073,99.98,7.1268,32.2621,32.2663,25.4056,25.4098
SKQ202006S,GAK8,B,2020-05-05T17:33:21,-148.4902,58.8093,289,4,20.85,11,6.2894,6.2895,3.2146,3.2149,1.1313,0.6494,2.9229,3.421,3.2944,0.9526,4.9983,26.8145,1.4108,70.2787,1.93,362.16,361.641,118.947,118.78,99.97,4.6886,32.2149,32.2183,25.3169,25.3195
SKQ202006S,GAK8,B,2020-05-05T17:35:11,-148.4902,58.8093,289,4,10.27,12,6.2787,6.2768,3.2133,3.2134,1.0957,0.6376,2.9246,3.4224,3.2899,2.064,4.9979,25.9611,1.4163,70.1824,29.2,361.277,360.723,118.628,118.443,99.96,4.5924,32.2154,32.2182,25.3186,25.321
SKQ202006S,GAK8,B,2020-05-05T17:36:58,-148.4902,58.8093,289,4,3.33,13,6.2972,6.2969,3.2145,3.2148,0.813,0.6195,2.9339,3.4288,3.2591,3.2673,4.9975,19.1751,1.454,69.5247,482.0,362.986,361.501,119.24,118.754,99.95,4.4461,32.2152,32.2183,25.3161,25.3186
SKQ202006S,GAK8,B,2020-05-05T17:37:10,-148.4902,58.8093,289,4,3.58,14,6.2962,6.2947,3.2145,3.2146,0.8194,0.6555,2.9343,3.4257,3.2644,3.1711,4.9976,19.3288,1.4475,69.6369,379.0,363.197,361.536,119.307,118.76,99.95,4.7383,32.2153,32.2184,25.3163,25.319
SKQ202006S,GAK9,B,2020-05-05T20:08:56,-148.3478,58.6808,279,5,274.37,1,4.7091,4.708,3.2386,3.2388,0.0129,4.0348,0.8827,0.9496,4.3119,0.1245,0.3901,-0.0251,0.334,91.9893,0.0,60.337,61.271,19.337,19.636,7.8,32.1443,33.9148,33.9184,26.8476,26.8505
SKQ202006S,GAK9,B,2020-05-05T20:09:04,-148.3478,58.6808,279,5,273.76,2,4.7095,4.7083,3.2386,3.2388,0.014,3.9671,0.883,0.9497,4.3094,0.1245,0.3594,0.0007,0.3363,91.9372,0.0,60.375,61.241,19.349,19.627,7.19,31.5948,33.9147,33.9184,26.8475,26.8505
SKQ202006S,GAK9,B,2020-05-05T20:11:44,-148.3478,58.6808,279,5,252.35,3,4.7581,4.7569,3.2409,3.2411,0.013,3.9622,0.9042,0.9762,4.4145,0.1236,1.4334,-0.0233,0.2399,94.179,0.0,63.638,64.798,20.417,20.789,28.67,31.5558,33.903,33.9065,26.8328,26.8356
SKQ202006S,GAK9,B,2020-05-05T20:14:51,-148.3478,58.6808,279,5,202.83,4,5.2864,5.2859,3.2786,3.2789,0.0122,3.6802,1.0683,1.176,4.5562,0.1233,3.9344,-0.0418,0.1134,97.2041,0.0,87.931,88.877,28.55,28.857,78.69,29.2686,33.827,33.8305,26.7123,26.7151
SKQ202006S,GAK9,B,2020-05-05T20:18:11,-148.3478,58.6808,279,5,151.83,5,6.0146,6.01,3.3312,3.3312,0.0123,3.3703,1.2249,1.3677,4.5668,0.1263,4.4451,-0.0406,0.1042,97.4295,0.0,110.118,111.497,36.339,36.791,88.9,26.7552,33.7192,33.7246,26.5388,26.5436
SKQ202006S,GAK9,B,2020-05-05T20:20:30,-148.3478,58.6808,279,5,126.41,6,6.0992,6.1131,3.3233,3.326,0.0129,3.2356,1.3391,1.5019,4.5651,0.1334,2.3289,-0.0269,0.1057,97.3928,0.0,127.398,128.25,42.074,42.374,46.58,25.6625,33.5599,33.5759,26.4023,26.4132
SKQ202006S,GAK9,B,2020-05-05T20:23:26,-148.3478,58.6808,279,5,100.07,7,6.0744,6.0737,3.2997,3.2999,0.0135,2.9822,1.4925,1.688,4.5693,0.1769,3.8014,-0.0125,0.1019,97.4832,0.0247,149.202,150.408,49.164,49.562,76.03,23.6077,33.333,33.3357,26.2262,26.2284
SKQ202006S,GAK9,B,2020-05-05T20:26:07,-148.3478,58.6808,279,5,76.87,8,5.6626,5.6672,3.2249,3.226,0.0148,2.3139,1.9442,2.2417,4.5628,0.3453,4.8697,0.0186,0.1077,97.3434,0.206,220.488,221.517,71.731,72.078,97.39,18.1883,32.9061,32.9139,25.9391,25.9447
SKQ202006S,GAK9,B,2020-05-05T20:28:30,-148.3478,58.6808,279,5,51.04,9,5.2477,5.2497,3.1574,3.1579,0.0274,1.9731,2.2218,2.5748,4.5589,0.7746,4.8415,0.3219,0.1112,97.2604,1.16,264.527,264.928,85.0,85.135,96.83,15.4235,32.5565,32.5604,25.7107,25.7136
SKQ202006S,GAK9,B,2020-05-05T20:30:23,-148.3478,58.6808,279,5,39.91,10,5.1902,5.1895,3.1381,3.1384,0.1779,1.6769,2.4065,2.8003,4.3288,1.1528,4.8384,3.9328,0.3184,92.3504,3.27,293.329,293.645,94.015,94.118,96.77,13.0221,32.3976,32.4014,25.5914,25.5945
SKQ202006S,GAK9,B,2020-05-05T20:32:17,-148.3478,58.6808,279,5,30.24,11,5.6755,5.6747,3.1738,3.174,0.2647,1.2799,2.5885,3.009,4.2531,1.7668,5.0,6.0176,0.3889,90.7361,14.5,317.407,314.97,102.859,102.07,100.0,9.8023,32.3389,32.3418,25.4891,25.4915
SKQ202006S,GAK9,B,2020-05-05T20:34:23,-148.3478,58.6808,279,5,21.13,12,6.1194,6.1243,3.2096,3.2103,0.2402,1.008,2.7028,3.1572,4.2231,2.3601,5.0,5.4279,0.4172,90.0953,58.2,330.432,330.637,108.183,108.264,100.0,7.5971,32.3209,32.3233,25.4215,25.4228
SKQ202006S,GAK9,B,2020-05-05T20:36:45,-148.3478,58.6808,279,5,9.54,13,6.4647,6.4638,3.2393,3.2395,0.0744,0.9026,2.7387,3.1878,4.2805,3.159,5.0,1.4504,0.3632,91.3209,368.0,332.05,329.94,109.593,108.897,100.0,6.742,32.328,32.331,25.384,25.3865
SKQ202006S,GAK9,B,2020-05-05T20:38:57,-148.3478,58.6808,279,5,3.04,14,6.4655,6.465,3.2391,3.2394,0.0426,0.9443,2.7392,3.197,4.314,3.7073,5.0,0.6878,0.3321,92.034,1300.0,332.06,332.637,109.599,109.791,100.0,7.0803,32.3283,32.3313,25.3841,25.3866
SKQ202006S,GAK10,B,2020-05-06T00:20:28,-148.2255,58.5383,1405,8,1442.61,1,2.5728,2.5723,3.1474,3.1476,0.0122,4.1369,0.6019,0.6112,4.5744,0.0,0.4341,-0.043,0.0976,97.5906,0.0,19.389,21.2,5.924,6.477,8.68,32.9719,34.4559,34.4592,27.4886,27.4912
SKQ202006S,GAK10,B,2020-05-06T00:30:32,-148.2255,58.5383,1405,8,1013.25,2,3.341,3.34,3.1832,3.1834,0.0122,4.1369,0.5748,0.5772,4.6007,0.0,5.0,-0.0424,0.0745,98.1537,0.0,13.087,14.519,4.07,4.515,100.0,32.9723,34.2976,34.3009,27.2927,27.2954
SKQ202006S,GAK10,B,2020-05-06T00:37:12,-148.2255,58.5383,1405,8,757.2,3,3.784,3.7833,3.2018,3.202,0.0122,4.1377,0.6048,0.6134,4.5825,0.0,5.0,-0.043,0.0904,97.765,0.0,17.798,19.112,5.59,6.003,100.0,32.9783,34.1877,34.1905,27.1619,27.1642
SKQ202006S,GAK10,B,2020-05-06T00:43:47,-148.2255,58.5383,1405,8,503.45,4,4.3273,4.3266,3.2246,3.2247,0.0122,4.107,0.7167,0.7503,4.5821,0.0,5.0,-0.043,0.0908,97.756,0.0,35.558,36.789,11.302,11.693,100.0,32.7294,34.0247,34.0274,26.9761,26.9784
SKQ202006S,GAK10,B,2020-05-06T00:50:53,-148.2255,58.5383,1405,8,252.49,5,5.1845,5.184,3.2732,3.2734,0.0122,3.8088,1.0272,1.1282,4.5342,0.0,5.0,-0.043,0.1328,96.7345,0.0,82.378,83.585,26.685,27.077,100.0,30.311,33.8426,33.8453,26.7364,26.7386
SKQ202006S,GAK10,B,2020-05-06T00:53:52,-148.2255,58.5383,1405,8,200.75,6,5.4751,5.4749,3.2891,3.2893,0.0135,3.6329,1.1549,1.2848,4.5637,0.0,5.0,-0.0125,0.1069,97.363,0.0,101.156,102.557,32.972,33.43,100.0,28.8848,33.7577,33.7602,26.6351,26.6371
SKQ202006S,GAK10,B,2020-05-06T00:56:48,-148.2255,58.5383,1405,8,149.73,7,5.9666,5.9665,3.2991,3.2991,0.0128,3.1264,1.4237,1.6112,4.5675,0.0,5.0,-0.0281,0.1035,97.4444,0.0,140.689,142.072,46.269,46.723,100.0,24.777,33.4075,33.4075,26.2985,26.2985
SKQ202006S,GAK10,B,2020-05-06T00:58:52,-148.2255,58.5383,1405,8,126.82,8,5.8358,5.8359,3.2602,3.2604,0.0143,2.8313,1.6781,1.9245,4.5679,0.0,5.0,0.0073,0.1032,97.4529,0.0,179.259,181.092,58.644,59.245,100.0,22.3835,33.1096,33.1126,26.0791,26.0815
SKQ202006S,GAK10,B,2020-05-06T01:01:56,-148.2255,58.5383,1405,8,100.9,9,5.6435,5.6425,3.2274,3.2275,0.0146,2.5734,1.8297,2.11,4.563,0.0,5.0,0.0126,0.1075,97.3482,0.0,203.442,205.611,66.173,66.878,100.0,20.2925,32.9405,32.9427,25.9686,25.9704
SKQ202006S,GAK10,B,2020-05-06T01:03:51,-148.2255,58.5383,1405,8,74.87,10,5.1619,5.1642,3.1477,3.1482,0.0168,1.9856,2.2562,2.6328,4.5733,0.0,4.9937,0.0665,0.0984,97.5694,0.0,272.276,274.714,87.287,88.075,99.87,15.525,32.5169,32.5206,25.689,25.6917
SKQ202006S,GAK10,B,2020-05-06T01:05:45,-148.2255,58.5383,1405,8,51.08,11,5.1175,5.1165,3.1318,3.132,0.0402,1.7059,2.4129,2.8217,4.5331,0.0,5.0,0.6286,0.1338,96.7106,0.0,294.879,296.999,94.345,95.022,100.0,13.2568,32.3906,32.3932,25.594,25.5962
SKQ202006S,GAK10,B,2020-05-06T01:06:59,-148.2255,58.5383,1405,8,39.81,12,5.2142,5.2149,3.1378,3.138,0.0976,1.6003,2.4452,2.8518,4.4324,0.0,5.0,2.0065,0.2236,94.5629,0.0,299.457,300.447,96.015,96.335,100.0,12.4001,32.3713,32.3728,25.5678,25.569
SKQ202006S,GAK10,B,2020-05-06T01:08:38,-148.2255,58.5383,1405,8,27.0,13,6.2749,6.2951,3.2142,3.2155,0.5804,0.918,2.7361,3.2042,3.9139,0.0,4.9999,13.593,0.7217,83.497,0.0,337.033,338.603,110.662,111.226,100.0,6.8671,32.2212,32.2161,25.3236,25.3171
SKQ202006S,GAK10,B,2020-05-06T01:10:34,-148.2255,58.5383,1405,8,20.38,14,6.4343,6.4335,3.2224,3.2226,0.9915,0.6746,2.8907,3.3894,3.4909,0.0,4.9988,23.4595,1.179,74.4709,0.0,356.268,356.703,117.362,117.506,99.98,4.8933,32.1648,32.1675,25.2592,25.2614
SKQ202006S,GAK10,B,2020-05-06T01:12:20,-148.2255,58.5383,1405,8,9.22,15,6.4653,6.4645,3.2236,3.2238,0.839,0.5445,2.9361,3.4509,3.3656,0.0,4.9988,19.7988,1.3253,71.7978,0.0,362.385,362.991,119.454,119.654,99.98,3.8378,32.1542,32.1571,25.2469,25.2493
SKQ202006S,GAK10,B,2020-05-06T01:14:05,-148.2255,58.5383,1405,8,5.52,16,6.4673,6.4669,3.2237,3.2239,0.7918,0.5836,2.9379,3.4564,3.3857,0.0,4.9988,18.6674,1.3014,72.2264,0.0,361.503,364.191,119.169,120.056,99.98,4.1545,32.1545,32.1572,25.2468,25.249
SKQ202006S,GAK10,B,2020-05-06T01:14:12,-148.2255,58.5383,1405,8,5.05,17,6.4707,6.4704,3.2239,3.2241,0.7429,0.5693,2.9422,3.4499,3.389,0.0,4.9988,17.4928,1.2976,72.2976,0.0,362.737,363.401,119.585,119.805,99.98,4.0393,32.1547,32.1571,25.2466,25.2485
SKQ202006S,GAK11,B,2020-05-06T03:44:43,-148.072,58.391,1409,10,1411.18,1,2.565,2.5634,3.1455,3.1456,0.0136,4.1383,0.6048,0.6145,4.5471,0.0,0.5823,-0.0101,0.1215,97.0089,0.0,19.788,21.428,6.044,6.545,11.65,32.9834,34.4569,34.4604,27.4901,27.493
SKQ202006S,GAK11,B,2020-05-06T03:53:19,-148.072,58.391,1409,10,1012.66,2,3.2407,3.2404,3.1765,3.1767,0.0122,4.1383,0.5724,0.574,4.6043,0.0,5.0,-0.0436,0.0714,98.2297,0.0,12.657,14.082,3.927,4.369,100.0,32.9838,34.3224,34.3249,27.3219,27.324
SKQ202006S,GAK11,B,2020-05-06T03:59:25,-148.072,58.391,1409,10,759.2,3,3.8153,3.8144,3.2053,3.2054,0.0122,4.1383,0.6018,0.6104,4.61,0.0,5.0,-0.043,0.0665,98.3515,0.0,17.243,18.644,5.42,5.86,100.0,32.9832,34.1952,34.198,27.1647,27.167
SKQ202006S,GAK11,B,2020-05-06T04:07:24,-148.072,58.391,1409,10,505.21,4,4.4648,4.4641,3.2353,3.2355,0.0122,4.14,0.7423,0.7814,4.5988,0.0,5.0,-0.0424,0.0762,98.1133,0.0,39.664,41.037,12.646,13.084,100.0,32.9975,34.0083,34.0109,26.9484,26.9506
SKQ202006S,GAK11,B,2020-05-06T04:13:55,-148.072,58.391,1409,10,253.14,5,6.0356,6.0491,3.3468,3.3481,0.0122,3.5385,1.1389,1.2634,4.5707,0.0,5.0,-0.0424,0.1008,97.5125,0.0,97.933,98.895,32.358,32.687,100.0,28.1191,33.8236,33.8243,26.6186,26.6174
SKQ202006S,GAK11,B,2020-05-06T04:16:16,-148.072,58.391,1409,10,203.03,6,6.569,6.569,3.3805,3.3807,0.0123,3.3402,1.2208,1.3636,4.5633,0.0,5.0,-0.0412,0.1073,97.354,0.0,108.17,109.536,36.15,36.607,100.0,26.5115,33.6954,33.6977,26.4488,26.4506
SKQ202006S,GAK11,B,2020-05-06T04:18:33,-148.072,58.391,1409,10,151.5,7,6.9641,6.9643,3.3787,3.3789,0.0148,3.0222,1.4159,1.6046,4.5554,0.0,5.0,0.0192,0.1142,97.1849,0.0,136.025,137.511,45.745,46.246,100.0,23.9319,33.3149,33.317,26.0963,26.0979
SKQ202006S,GAK11,B,2020-05-06T04:20:18,-148.072,58.391,1409,10,127.39,8,6.3088,6.3141,3.2799,3.2806,0.0151,2.5327,1.8239,2.1024,4.5664,0.0,5.0,0.0264,0.1045,97.421,0.0,200.446,203.054,66.183,67.054,100.0,19.9622,32.8698,32.8726,25.8311,25.8326
SKQ202006S,GAK11,B,2020-05-06T04:22:18,-148.072,58.391,1409,10,100.09,9,5.4742,5.4783,3.1735,3.174,0.0178,2.0515,2.2197,2.5647,4.5368,0.0,5.0,0.0916,0.1305,96.7893,0.0,265.014,263.644,85.574,85.141,100.0,16.0599,32.4954,32.4973,25.6364,25.6374
SKQ202006S,GAK11,B,2020-05-06T04:24:25,-148.072,58.391,1409,10,75.07,10,5.4205,5.4207,3.156,3.1562,0.0228,1.9048,2.3303,2.6903,4.5334,0.0,5.0,0.21,0.1335,96.7175,0.0,281.851,278.688,90.805,89.788,100.0,14.8698,32.3611,32.3636,25.5363,25.5383
SKQ202006S,GAK11,B,2020-05-06T04:26:31,-148.072,58.391,1409,10,49.09,11,5.4412,5.4409,3.1514,3.1516,0.0738,1.8267,2.3807,2.7514,4.3941,0.0,5.0,1.4354,0.2584,93.7441,0.0,288.47,285.95,92.942,92.131,100.0,14.2363,32.3022,32.3047,25.4874,25.4894
SKQ202006S,GAK11,B,2020-05-06T04:28:16,-148.072,58.391,1409,10,40.85,12,5.4684,5.4686,3.1518,3.1521,0.0866,1.8152,2.3683,2.728,4.4182,0.0,5.0,1.7434,0.2365,94.2588,0.0,285.956,281.157,92.179,90.634,100.0,14.1433,32.2842,32.287,25.47,25.4722
SKQ202006S,GAK11,B,2020-05-06T04:29:57,-148.072,58.391,1409,10,30.26,13,5.575,5.5749,3.156,3.1562,0.2175,1.5627,2.4246,2.8057,4.1243,0.0,5.0,4.8849,0.5119,87.988,0.0,295.653,295.468,95.509,95.451,100.0,12.0954,32.2341,32.2374,25.4181,25.4207
SKQ202006S,GAK11,B,2020-05-06T04:31:32,-148.072,58.391,1409,10,19.79,14,6.946,6.9457,3.2663,3.2666,0.1098,0.7241,2.7582,3.2023,4.3685,0.0,4.9408,2.299,0.2817,93.199,0.0,331.553,329.569,110.518,109.859,98.82,5.2947,32.1663,32.17,25.1943,25.1972
SKQ202006S,GAK11,B,2020-05-06T04:33:26,-148.072,58.391,1409,10,9.44,15,6.9568,6.9568,3.2672,3.2674,0.1152,0.6684,2.7618,3.1857,4.3404,0.0,5.0,2.4282,0.3076,92.5992,0.0,331.262,326.943,110.452,109.014,100.0,4.8428,32.1709,32.1734,25.1965,25.1985
SKQ202006S,GAK11,B,2020-05-06T04:34:52,-148.072,58.391,1409,10,4.04,16,6.9558,6.9554,3.2669,3.267,0.1164,0.6785,2.7589,3.2076,4.3674,0.0,4.954,2.4581,0.2828,93.1746,0.0,331.046,330.076,110.377,110.055,99.08,4.9251,32.1709,32.1732,25.1967,25.1985
SKQ202006S,GAK15,B,2020-05-06T15:34:13,-147.4998,57.7915,4530,12,1521.13,1,2.3194,2.3177,3.1327,3.1328,0.0115,4.1371,0.6299,0.6439,4.6152,0.0,5.0,-0.0591,0.062,98.4627,0.0,25.532,26.905,7.754,8.171,100.0,32.9733,34.5062,34.5092,27.5502,27.5528
SKQ202006S,GAK15,B,2020-05-06T15:45:15,-147.4998,57.7915,4530,12,1013.98,2,2.9758,2.9747,3.1578,3.1579,0.0122,4.1372,0.5725,0.5744,4.6095,0.0,5.0,-0.043,0.0669,98.3414,0.0,12.873,14.307,3.97,4.412,100.0,32.9741,34.3754,34.378,27.3887,27.3909
SKQ202006S,GAK15,B,2020-05-06T15:52:27,-147.4998,57.7915,4530,12,758.95,3,3.4507,3.45,3.1798,3.18,0.0116,4.1382,0.5787,0.5815,4.6098,0.0,5.0,-0.0585,0.0666,98.3478,0.0,13.357,14.733,4.164,4.593,100.0,32.9826,34.2729,34.2752,27.2625,27.2644
SKQ202006S,GAK15,B,2020-05-06T15:59:08,-147.4998,57.7915,4530,12,504.29,4,3.9384,3.9382,3.1997,3.1998,0.011,4.1394,0.6268,0.6399,4.6041,0.0,5.0,-0.0717,0.0716,98.2255,0.0,20.896,22.069,6.585,6.954,100.0,32.9923,34.1326,34.1349,27.1024,27.1043
SKQ202006S,GAK15,B,2020-05-06T16:05:40,-147.4998,57.7915,4530,12,252.89,5,4.0495,4.0487,3.1726,3.1727,0.0118,4.1407,0.8847,0.9536,4.6018,0.0,5.0,-0.052,0.0736,98.176,0.0,62.074,62.935,19.569,19.84,100.0,33.0034,33.8293,33.8314,26.8498,26.8516
SKQ202006S,GAK15,B,2020-05-06T16:08:24,-147.4998,57.7915,4530,12,203.56,6,4.6772,4.6784,3.2248,3.2251,0.0115,3.8454,1.0156,1.1125,4.5908,0.0,5.0,-0.0597,0.0832,97.9421,0.0,81.115,82.404,25.958,26.372,100.0,30.6082,33.8238,33.8256,26.7788,26.7801
SKQ202006S,GAK15,B,2020-05-06T16:11:23,-147.4998,57.7915,4530,12,153.67,7,5.3231,5.3401,3.2714,3.2734,0.011,3.6346,1.2072,1.3435,4.5955,0.0,5.0,-0.0723,0.0791,98.0426,0.0,109.225,109.93,35.469,35.714,100.0,28.8986,33.7326,33.7389,26.6332,26.6362
SKQ202006S,GAK15,B,2020-05-06T16:13:41,-147.4998,57.7915,4530,12,126.07,8,5.5854,5.5807,3.2753,3.2754,0.0122,3.3449,1.369,1.5345,4.598,0.0,5.0,-0.043,0.0769,98.0952,0.0,132.554,132.296,43.245,43.158,100.0,26.5491,33.5283,33.5341,26.4404,26.4456
SKQ202006S,GAK15,B,2020-05-06T16:16:15,-147.4998,57.7915,4530,12,101.57,9,5.3226,5.3227,3.2173,3.2174,0.0136,2.8824,1.6974,1.9371,4.5949,0.0,5.0,-0.0089,0.0796,98.0309,0.0,184.287,184.694,59.581,59.713,100.0,22.7983,33.1415,33.1429,26.1653,26.1664
SKQ202006S,GAK15,B,2020-05-06T16:18:54,-147.4998,57.7915,4530,12,76.18,10,4.8108,4.8109,3.1252,3.1254,0.0155,2.0036,2.2598,2.6147,4.5895,0.0,5.0,0.0342,0.0844,97.9134,0.0,274.444,275.048,87.305,87.499,100.0,15.6711,32.6011,32.6036,25.7944,25.7964
SKQ202006S,GAK15,B,2020-05-06T16:21:07,-147.4998,57.7915,4530,12,51.03,11,4.6899,4.6897,3.104,3.1041,0.0267,1.8,2.4173,2.8037,4.5614,0.0,5.0,0.3057,0.1089,97.3152,0.0,299.531,298.567,94.93,94.625,100.0,14.02,32.4872,32.4891,25.7171,25.7186
SKQ202006S,GAK15,B,2020-05-06T16:23:03,-147.4998,57.7915,4530,12,41.04,12,4.7482,4.7483,3.108,3.1082,0.0697,1.7234,2.4469,2.842,4.5024,0.0,5.0,1.3367,0.161,96.0555,0.0,303.2,301.982,96.223,95.838,100.0,13.3988,32.4819,32.484,25.7067,25.7083
SKQ202006S,GAK15,B,2020-05-06T16:24:53,-147.4998,57.7915,4530,12,30.95,13,5.9533,5.9554,3.2053,3.2055,0.3524,1.3086,2.5811,3.0046,4.1023,0.0,5.0,8.1209,0.5333,87.5185,0.0,312.804,311.653,102.095,101.725,100.0,10.0351,32.4261,32.4269,25.5249,25.5252
SKQ202006S,GAK15,B,2020-05-06T16:26:50,-147.4998,57.7915,4530,12,20.56,14,6.8274,6.8337,3.2767,3.2773,0.395,0.9707,2.6561,3.0903,4.0659,0.0,5.0,9.1453,0.569,86.7406,0.0,317.186,315.615,105.616,105.109,100.0,7.2941,32.3916,32.3924,25.3873,25.3871
SKQ202006S,GAK15,B,2020-05-06T16:28:52,-147.4998,57.7915,4530,12,10.38,15,6.8452,6.8449,3.2778,3.278,0.3447,0.9558,2.6642,3.0982,4.0729,0.0,5.0,7.9373,0.5621,86.8895,0.0,318.183,317.334,105.991,105.709,100.0,7.1733,32.3916,32.3937,25.385,25.3867
SKQ202006S,GAK15,B,2020-05-06T16:30:56,-147.4998,57.7915,4530,12,5.16,16,6.8428,6.8426,3.2774,3.2776,0.2669,1.0032,2.6618,3.1171,4.074,0.0,5.0,6.0696,0.5611,86.9123,0.0,317.618,319.857,105.798,106.544,100.0,7.5581,32.3922,32.3941,25.3858,25.3873
SKQ202006S,GAK14,B,2020-05-06T19:52:25,-147.6525,57.9432,3045,14,1523.53,1,2.3625,2.361,3.1359,3.136,0.0116,4.1375,0.6223,0.6349,4.6136,0.0,5.0,-0.0585,0.0634,98.4276,0.0,23.819,25.381,7.242,7.716,100.0,32.9765,34.4984,34.5013,27.5404,27.5428
SKQ202006S,GAK14,B,2020-05-06T20:04:16,-147.6525,57.9432,3045,14,1013.31,2,3.0408,3.0399,3.1622,3.1623,0.0122,4.138,0.5748,0.5766,4.6068,0.0,5.0,-0.043,0.0692,98.284,0.0,13.194,14.606,4.075,4.511,100.0,32.9808,34.3603,34.3627,27.3707,27.3727
SKQ202006S,GAK14,B,2020-05-06T20:11:05,-147.6525,57.9432,3045,14,758.01,3,3.6187,3.618,3.1914,3.1915,0.0122,4.1386,0.587,0.5916,4.6078,0.0,5.0,-0.0424,0.0684,98.3048,0.0,14.812,16.16,4.635,5.057,100.0,32.9856,34.2358,34.2381,27.2166,27.2185
SKQ202006S,GAK14,B,2020-05-06T20:18:20,-147.6525,57.9432,3045,14,505.46,4,4.083,4.0828,3.2071,3.2072,0.0122,4.1366,0.6624,0.6836,4.6102,0.0,5.0,-0.043,0.0663,98.3558,0.0,26.765,28.048,8.46,8.865,100.0,32.9696,34.0697,34.0717,27.0375,27.0392
SKQ202006S,GAK14,B,2020-05-06T20:25:02,-147.6525,57.9432,3045,14,253.02,5,4.667,4.6662,3.2262,3.2262,0.0122,3.9453,1.0135,1.1059,4.5965,0.0,5.0,-0.0418,0.0782,98.0644,0.0,81.104,81.439,25.949,26.056,100.0,31.418,33.8245,33.8262,26.7805,26.7819
SKQ202006S,GAK14,B,2020-05-06T20:28:46,-147.6525,57.9432,3045,14,201.91,6,5.1686,5.1695,3.2643,3.2646,0.0122,3.7495,1.1428,1.2613,4.5934,0.0,5.0,-0.0424,0.0809,97.9974,0.0,100.059,100.641,32.386,32.576,100.0,29.8306,33.7825,33.7846,26.6907,26.6922
SKQ202006S,GAK14,B,2020-05-06T20:31:49,-147.6525,57.9432,3045,14,151.07,7,5.2996,5.2986,3.2512,3.2512,0.0124,3.4271,1.3882,1.5618,4.5949,0.0,5.0,-0.0382,0.0796,98.0299,0.0,137.105,137.824,44.43,44.662,100.0,27.2158,33.5262,33.528,26.4725,26.474
SKQ202006S,GAK14,B,2020-05-06T20:34:32,-147.6525,57.9432,3045,14,126.84,8,5.6422,5.6385,3.2529,3.2527,0.0132,2.9939,1.6581,1.8829,4.5713,0.0,5.0,-0.0191,0.1002,97.5252,0.0,176.92,176.981,57.663,57.678,100.0,23.7021,33.2182,33.219,26.1883,26.1894
SKQ202006S,GAK14,B,2020-05-06T20:36:49,-147.6525,57.9432,3045,14,101.56,9,4.9409,4.943,3.1365,3.1369,0.0143,2.0261,2.2412,2.5938,4.581,0.0,5.0,0.0072,0.0917,97.7332,0.0,271.473,271.037,86.621,86.488,100.0,15.8534,32.5912,32.5934,25.7724,25.7739
SKQ202006S,GAK14,B,2020-05-06T20:40:36,-147.6525,57.9432,3045,14,74.75,10,4.6784,4.6783,3.1033,3.1035,0.0238,1.8247,2.4145,2.8049,4.5821,0.0,5.0,0.2352,0.0908,97.7555,0.0,299.828,299.881,94.992,95.01,100.0,14.2203,32.4784,32.4803,25.7113,25.7129
SKQ202006S,GAK14,B,2020-05-06T20:42:53,-147.6525,57.9432,3045,14,49.87,11,4.9016,4.9033,3.12,3.1203,0.06,1.7044,2.4705,2.8642,4.5326,0.0,5.0,1.1053,0.1343,96.6984,0.0,306.375,304.056,97.575,96.842,100.0,13.2444,32.4655,32.4673,25.6771,25.6784
SKQ202006S,GAK14,B,2020-05-06T20:44:38,-147.6525,57.9432,3045,14,40.78,12,5.1239,5.1245,3.1375,3.1378,0.0615,1.6622,2.4726,2.8594,4.5156,0.0,5.0,1.1388,0.1493,96.3368,0.0,303.796,300.008,97.259,96.049,100.0,12.9021,32.4548,32.4567,25.6441,25.6456
SKQ202006S,GAK14,B,2020-05-06T20:46:34,-147.6525,57.9432,3045,14,29.95,13,6.4665,6.4882,3.2464,3.2484,0.3424,1.1325,2.6272,3.0542,4.1257,0.0,5.0,7.8805,0.5107,88.0163,0.0,316.796,315.766,104.615,104.328,100.0,8.6063,32.3949,32.3962,25.4365,25.4348
SKQ202006S,GAK14,B,2020-05-06T20:48:14,-147.6525,57.9432,3045,14,19.74,14,6.7033,6.7064,3.2664,3.2667,0.3746,1.0055,2.6761,3.1096,4.1116,0.0,5.0,8.6549,0.5243,87.7168,0.0,321.288,320.923,106.68,106.567,100.0,7.5767,32.3955,32.3966,25.4066,25.4071
SKQ202006S,GAK14,B,2020-05-06T20:50:21,-147.6525,57.9432,3045,14,10.21,15,6.7403,6.7398,3.2692,3.2693,0.1854,0.9305,2.6865,3.1209,4.0849,0.0,5.0,4.114,0.5503,87.1474,0.0,321.86,319.546,106.961,106.193,100.0,6.9686,32.3957,32.3977,25.4019,25.4036
SKQ202006S,GAK14,B,2020-05-06T20:52:00,-147.6525,57.9432,3045,14,3.67,16,6.7741,6.773,3.2718,3.2719,0.0682,0.9214,2.6908,3.1178,4.0966,0.0,5.0,1.302,0.5389,87.3952,0.0,321.994,318.657,107.089,105.978,100.0,6.8946,32.3957,32.3976,25.3976,25.3992
SKQ202006S,GAK14,B,2020-05-06T20:52:07,-147.6525,57.9432,3045,14,4.26,17,6.7743,6.7759,3.2718,3.2722,0.0623,1.0245,2.6896,3.1099,4.1248,0.0,5.0,1.1585,0.5114,87.9982,0.0,322.027,317.965,107.101,105.755,100.0,7.7307,32.3958,32.3978,25.3976,25.399
SKQ202006S,GAK13,B,2020-05-06T22:59:21,-147.797,58.0993,2058,16,1520.33,1,2.3869,2.3853,3.1375,3.1376,0.0119,4.1386,0.6176,0.6295,4.6133,0.0,5.0,-0.0508,0.0636,98.4217,0.0,22.887,24.56,6.962,7.471,100.0,32.9858,34.4936,34.4969,27.5345,27.5373
SKQ202006S,GAK13,B,2020-05-06T23:12:33,-147.797,58.0993,2058,16,1012.23,2,3.1582,3.1575,3.1709,3.171,0.0122,4.1392,0.5701,0.5708,4.6105,0.0,5.0,-0.0436,0.066,98.3633,0.0,12.299,13.667,3.809,4.232,100.0,32.9905,34.3418,34.3444,27.3451,27.3473
SKQ202006S,GAK13,B,2020-05-06T23:18:50,-147.797,58.0993,2058,16,758.41,3,3.6578,3.6577,3.1941,3.1942,0.0121,4.1395,0.5882,0.5934,4.6105,0.0,5.0,-0.0448,0.0661,98.3611,0.0,14.955,16.365,4.684,5.126,100.0,32.9937,34.2266,34.2289,27.2054,27.2072
SKQ202006S,GAK13,B,2020-05-06T23:25:39,-147.797,58.0993,2058,16,505.59,4,4.2621,4.2614,3.2204,3.2206,0.0121,4.1405,0.6965,0.7257,4.5946,0.0,5.0,-0.0454,0.0799,98.0235,0.0,32.393,33.755,10.281,10.713,100.0,33.0018,34.0424,34.0448,26.9971,26.9991
SKQ202006S,GAK13,B,2020-05-06T23:32:12,-147.797,58.0993,2058,16,253.33,5,5.7606,5.76,3.3225,3.3227,0.0117,3.7149,1.1256,1.2509,4.5802,0.0,4.8279,-0.055,0.0925,97.7145,0.0,96.399,98.293,31.649,32.271,96.56,29.5499,33.8244,33.8267,26.6534,26.6553
SKQ202006S,GAK13,B,2020-05-06T23:32:22,-147.797,58.0993,2058,16,252.2,6,5.7709,5.7699,3.3234,3.3235,0.0122,3.6738,1.1244,1.2473,4.58,0.0,5.0,-0.043,0.0926,97.7108,0.0,96.207,97.641,31.593,32.064,100.0,29.2167,33.8243,33.8263,26.652,26.6538
SKQ202006S,GAK13,B,2020-05-06T23:32:28,-147.797,58.0993,2058,16,253.12,7,5.7684,5.7675,3.3232,3.3233,0.0122,3.6559,1.1244,1.2442,4.5788,0.0,5.0,-0.0424,0.0937,97.6858,0.0,96.191,97.075,31.586,31.876,100.0,29.0714,33.8243,33.8264,26.6523,26.6541
SKQ202006S,GAK13,B,2020-05-06T23:32:35,-147.797,58.0993,2058,16,252.7,8,5.7672,5.7665,3.3231,3.3232,0.0122,3.6887,1.1248,1.246,4.5794,0.0,5.0,-0.043,0.0932,97.697,0.0,96.34,97.232,31.634,31.927,100.0,29.3375,33.8245,33.8265,26.6526,26.6543
SKQ202006S,GAK13,B,2020-05-06T23:32:41,-147.797,58.0993,2058,16,253.52,9,5.7601,5.7592,3.3225,3.3226,0.0123,3.662,1.125,1.2465,4.581,0.0,5.0,-0.0412,0.0918,97.7321,0.0,96.407,97.384,31.651,31.971,100.0,29.1203,33.8245,33.8267,26.6535,26.6554
SKQ202006S,GAK13,B,2020-05-06T23:32:48,-147.797,58.0993,2058,16,252.08,10,5.7691,5.7665,3.3232,3.3232,0.0122,3.6372,1.125,1.2471,4.5792,0.0,5.0,-0.043,0.0933,97.6938,0.0,96.387,97.845,31.651,32.128,100.0,28.9196,33.8244,33.8266,26.6524,26.6544
SKQ202006S,GAK13,B,2020-05-06T23:32:56,-147.797,58.0993,2058,16,252.87,11,5.763,5.7636,3.3227,3.323,0.0122,3.6966,1.1247,1.2484,4.5777,0.0,5.0,-0.0418,0.0946,97.6613,0.0,96.339,97.575,31.631,32.037,100.0,29.4014,33.8246,33.8266,26.6532,26.6548
SKQ202006S,GAK13,B,2020-05-06T23:33:04,-147.797,58.0993,2058,16,252.66,12,5.7578,5.7578,3.3222,3.3224,0.0122,3.6954,1.1246,1.2464,4.5802,0.0,4.9934,-0.0418,0.0925,97.7151,0.0,96.306,97.608,31.616,32.044,99.87,29.3917,33.8246,33.8268,26.6539,26.6556
SKQ202006S,GAK13,B,2020-05-06T23:33:12,-147.797,58.0993,2058,16,252.78,13,5.7607,5.761,3.3225,3.3227,0.0122,3.7101,1.1243,1.2442,4.5787,0.0,5.0,-0.0424,0.0938,97.6831,0.0,96.176,97.274,31.575,31.937,100.0,29.5105,33.8246,33.8266,26.6535,26.6551
SKQ202006S,GAK13,B,2020-05-06T23:36:32,-147.797,58.0993,2058,16,201.82,14,6.2304,6.2303,3.3544,3.3546,0.0122,3.4484,1.2058,1.3421,4.5714,0.0,5.0,-0.043,0.1001,97.5279,0.0,106.621,107.077,35.367,35.519,100.0,27.3884,33.7401,33.7424,26.5279,26.5298
SKQ202006S,GAK13,B,2020-05-06T23:39:51,-147.797,58.0993,2058,16,150.86,15,6.6011,6.6004,3.3596,3.3599,0.0124,3.1336,1.3748,1.5442,4.5606,0.0,5.0,-0.037,0.1096,97.2977,0.0,130.521,130.773,43.576,43.661,100.0,24.8354,33.4589,33.4622,26.2581,26.2608
SKQ202006S,GAK13,B,2020-05-06T23:41:56,-147.797,58.0993,2058,16,126.9,16,6.7801,6.7804,3.3465,3.3468,0.0139,2.8902,1.5646,1.7806,4.5679,0.0,5.0,-0.0035,0.1032,97.4529,0.0,158.203,159.936,52.916,53.497,100.0,22.8612,33.1521,33.1543,25.9927,25.9944
SKQ202006S,GAK13,B,2020-05-06T23:44:04,-147.797,58.0993,2058,16,101.06,17,5.9255,5.9219,3.2292,3.229,0.0149,2.3703,2.0138,2.3318,4.5831,0.0,4.9979,0.0228,0.0898,97.7789,0.0,229.101,229.501,74.872,74.997,99.96,18.645,32.6872,32.6886,25.7345,25.736
SKQ202006S,GAK13,B,2020-05-06T23:47:00,-147.797,58.0993,2058,16,77.05,18,5.382,5.3818,3.1545,3.1547,0.0132,1.8639,2.3442,2.7323,4.5965,0.0,5.0,-0.0197,0.0782,98.0639,0.0,284.179,285.483,91.485,91.906,100.0,14.5378,32.3798,32.3823,25.5556,25.5575
SKQ202006S,GAK13,B,2020-05-06T23:49:11,-147.797,58.0993,2058,16,49.94,19,5.2567,5.2564,3.1362,3.1364,0.0236,1.8372,2.4039,2.8099,4.585,0.0,5.0,0.2292,0.0882,97.8182,0.0,293.369,295.128,94.112,94.678,100.0,14.3212,32.3066,32.3087,25.5118,25.5135
SKQ202006S,GAK13,B,2020-05-06T23:50:39,-147.797,58.0993,2058,16,39.86,20,5.2462,5.2458,3.1327,3.1324,0.0379,1.8892,2.4155,2.8258,4.5126,0.0,5.0,0.5736,0.1522,96.273,0.0,294.572,297.527,94.457,95.401,100.0,14.7435,32.2818,32.2784,25.4934,25.4908
SKQ202006S,GAK13,B,2020-05-06T23:52:13,-147.797,58.0993,2058,16,29.96,21,5.4459,5.4693,3.1458,3.1483,0.088,1.5219,2.4963,2.925,4.4925,0.0,5.0,1.7757,0.1698,95.8444,0.0,302.869,306.641,97.549,98.823,100.0,11.7641,32.243,32.2493,25.44,25.4423
SKQ202006S,GAK13,B,2020-05-06T23:53:50,-147.797,58.0993,2058,16,20.45,22,6.8104,6.8095,3.2566,3.257,0.1672,0.8668,2.6886,3.1521,4.3205,0.0,5.0,3.6769,0.326,92.1738,0.0,322.59,325.42,107.213,108.155,100.0,6.4518,32.1875,32.1926,25.2288,25.2329
SKQ202006S,GAK13,B,2020-05-06T23:55:31,-147.797,58.0993,2058,16,9.76,23,6.8892,6.8929,3.2635,3.264,0.0658,0.9518,2.6889,3.1381,4.3207,0.0,5.0,1.2434,0.3258,92.1786,0.0,321.312,321.567,106.986,107.082,100.0,7.1414,32.194,32.196,25.2236,25.2247
SKQ202006S,GAK13,B,2020-05-06T23:56:57,-147.797,58.0993,2058,16,4.58,24,6.9544,6.9597,3.2688,3.2695,0.0312,0.9184,2.6902,3.151,4.3341,0.0,4.8863,0.4127,0.3134,92.4653,0.0,321.282,323.582,107.136,107.918,97.73,6.8704,32.1932,32.1953,25.2144,25.2154
SKQ202006S,GAK12,B,2020-05-07T01:55:52,-147.9363,58.2448,2139,18,1519.8,1,2.4425,2.4408,3.1415,3.1416,0.0122,4.092,0.608,0.6182,4.6132,0.0,5.0,-0.0442,0.0637,98.4196,0.0,20.891,22.595,6.363,6.882,100.0,32.6083,34.4837,34.4868,27.5219,27.5246
SKQ202006S,GAK12,B,2020-05-07T02:06:24,-147.9363,58.2448,2139,18,1013.82,2,3.1995,3.198,3.1738,3.1739,0.0118,4.1095,0.5702,0.5718,4.6137,0.0,5.0,-0.0538,0.0633,98.4308,0.0,12.307,13.805,3.815,4.279,100.0,32.7502,34.333,34.3357,27.3342,27.3366
SKQ202006S,GAK12,B,2020-05-07T02:12:32,-147.9363,58.2448,2139,18,758.87,3,3.8173,3.8165,3.2042,3.2044,0.0117,4.1405,0.6022,0.6112,4.6117,0.0,5.0,-0.0544,0.065,98.3877,0.0,17.343,18.812,5.451,5.913,100.0,33.002,34.1813,34.1838,27.1534,27.1555
SKQ202006S,GAK12,B,2020-05-07T02:18:48,-147.9363,58.2448,2139,18,506.36,4,4.4568,4.4565,3.235,3.2352,0.0118,4.1416,0.7386,0.7782,4.6035,0.0,5.0,-0.0526,0.0721,98.2133,0.0,39.239,40.722,12.509,12.982,100.0,33.0107,34.0126,34.0148,26.9527,26.9545
SKQ202006S,GAK12,B,2020-05-07T02:25:09,-147.9363,58.2448,2139,18,253.37,5,5.9705,5.9703,3.3415,3.3417,0.0162,3.605,1.1288,1.2536,4.5777,0.0,5.0,0.0527,0.0946,97.6613,0.0,96.526,98.452,31.847,32.483,100.0,28.6583,33.8291,33.8313,26.6311,26.6328
SKQ202006S,GAK12,B,2020-05-07T02:27:49,-147.9363,58.2448,2139,18,202.95,6,6.3648,6.3643,3.3678,3.368,0.0128,3.4746,1.1938,1.3349,4.5704,0.0,5.0,-0.0275,0.101,97.5071,0.0,104.603,106.318,34.81,35.381,100.0,27.601,33.7563,33.7586,26.5235,26.5253
SKQ202006S,GAK12,B,2020-05-07T02:30:34,-147.9363,58.2448,2139,18,151.23,7,6.7921,6.7915,3.3802,3.3804,0.0134,3.1477,1.3271,1.4919,4.5615,0.0,4.9928,-0.0143,0.1088,97.3163,0.0,122.862,123.836,41.212,41.539,99.86,24.9496,33.4994,33.5018,26.2648,26.2667
SKQ202006S,GAK12,B,2020-05-07T02:32:26,-147.9363,58.2448,2139,18,127.2,8,6.8652,6.8661,3.3602,3.3605,0.0147,2.9552,1.4978,1.7071,4.5653,0.0024,5.0,0.0156,0.1055,97.3965,0.0,147.774,149.476,49.549,50.122,100.0,23.3886,33.2199,33.2221,26.0348,26.0364
SKQ202006S,GAK12,B,2020-05-07T02:34:18,-147.9363,58.2448,2139,18,101.1,9,6.2588,6.2587,3.274,3.2742,0.0153,2.5245,1.8388,2.1164,4.5771,0.0,5.0,0.0312,0.0951,97.6502,0.0,201.254,202.674,66.371,66.84,100.0,19.896,32.8654,32.8675,25.8339,25.8356
SKQ202006S,GAK12,B,2020-05-07T02:36:07,-147.9363,58.2448,2139,18,75.43,10,5.4207,5.4206,3.1611,3.1613,0.0174,1.9856,2.2917,2.6643,4.5885,0.0,5.0,0.0809,0.0852,97.8921,0.0,276.184,276.868,89.018,89.24,100.0,15.5252,32.4187,32.4211,25.5819,25.5838
SKQ202006S,GAK12,B,2020-05-07T02:38:22,-147.9363,58.2448,2139,18,50.3,11,5.2748,5.2745,3.137,3.1372,0.0209,1.7988,2.4085,2.8045,4.5861,0.0311,5.0,0.1664,0.0872,97.8421,0.0,293.877,294.516,94.31,94.516,100.0,14.0101,32.2978,32.3003,25.5028,25.5049
SKQ202006S,GAK12,B,2020-05-07T02:40:01,-147.9363,58.2448,2139,18,41.14,12,5.3271,5.3281,3.1393,3.1395,0.0409,1.6106,2.4112,2.8118,4.5468,0.0157,5.0,0.6459,0.1217,97.002,0.0,293.617,296.166,94.329,95.151,100.0,12.4842,32.2776,32.2798,25.481,25.4825
SKQ202006S,GAK12,B,2020-05-07T02:41:33,-147.9363,58.2448,2139,18,29.91,13,6.7921,6.7919,3.2579,3.2581,0.1497,1.0967,2.6475,3.0857,4.3422,0.0295,5.0,3.2582,0.3059,92.637,0.0,317.855,316.985,105.615,105.327,100.0,8.3167,32.2145,32.2165,25.2524,25.2541
SKQ202006S,GAK12,B,2020-05-07T02:43:01,-147.9363,58.2448,2139,18,20.97,14,6.8418,6.8406,3.2617,3.2619,0.1217,1.082,2.6657,3.122,4.3483,0.0073,5.0,2.5848,0.3003,92.7678,0.0,319.188,320.199,106.179,106.514,100.0,8.1971,32.2138,32.2165,25.2454,25.2477
SKQ202006S,GAK12,B,2020-05-07T02:44:50,-147.9363,58.2448,2139,18,10.1,15,7.0384,7.0386,3.2781,3.2783,0.0946,1.0675,2.6684,3.1231,4.3385,0.0232,5.0,1.9348,0.3093,92.5583,0.0,317.768,319.263,106.184,106.686,100.0,8.0797,32.2136,32.2155,25.2193,25.2208
SKQ202006S,GAK12,B,2020-05-07T02:47:40,-147.9363,58.2448,2139,18,5.34,16,7.0518,7.0487,3.2791,3.279,0.0739,1.0122,2.6681,3.1194,4.3465,0.0179,5.0,1.4378,0.302,92.7284,0.0,316.807,318.657,105.896,106.508,100.0,7.631,32.2136,32.2157,25.2176,25.2196
SKQ202006S,GAK12,B,2020-05-07T02:47:51,-147.9363,58.2448,2139,18,4.62,17,7.0493,7.049,3.2788,3.279,0.0764,1.0369,2.6636,3.1176,4.3558,0.0237,4.6996,1.497,0.2935,92.9273,0.0,316.22,317.284,105.693,106.05,93.99,7.8309,32.2138,32.2158,25.218,25.2196
SKQ202006S,KIP2,B,2020-05-07T17:05:05,-147.9875,60.2788,586,19,580.21,1,6.3672,6.3664,3.3106,3.3108,0.0123,2.861,1.4483,1.6461,4.2995,0.1251,0.555,-0.04,0.3455,91.7256,0.0,150.886,152.381,49.912,50.407,11.1,22.625,32.9385,32.9412,25.8779,25.8802
SKQ202006S,KIP2,B,2020-05-07T17:09:24,-147.9875,60.2788,586,19,506.23,2,6.3736,6.3728,3.3065,3.3066,0.0122,2.8797,1.4614,1.6641,4.4104,0.1249,3.8777,-0.0418,0.2436,94.0918,0.0,151.611,154.109,50.153,50.98,77.55,22.7765,32.9212,32.924,25.8634,25.8658
SKQ202006S,KIP2,B,2020-05-07T17:16:27,-147.9875,60.2788,586,19,252.55,3,6.3221,6.3215,3.2745,3.2748,0.0123,2.7333,1.5958,1.826,4.4533,0.1248,5.0,-0.0406,0.2048,95.0085,0.0,167.897,170.639,55.399,56.305,100.0,21.5895,32.7375,32.741,25.7251,25.7278
SKQ202006S,KIP2,B,2020-05-07T17:20:19,-147.9875,60.2788,586,19,202.99,4,6.2337,6.2331,3.253,3.2532,0.0119,2.6884,1.6857,1.9397,4.4813,0.1248,5.0,-0.0502,0.1798,95.6046,0.0,181.947,184.559,59.854,60.714,100.0,21.2249,32.6066,32.6098,25.6328,25.6355
SKQ202006S,KIP2,B,2020-05-07T17:23:48,-147.9875,60.2788,586,19,151.76,5,6.0166,6.0158,3.2145,3.2147,0.0125,2.4712,1.8471,2.1302,4.5095,0.1257,4.7578,-0.0358,0.1547,96.2065,0.0,205.706,207.097,67.231,67.686,95.16,19.4633,32.4102,32.4132,25.5046,25.507
SKQ202006S,KIP2,B,2020-05-07T17:26:15,-147.9875,60.2788,586,19,126.6,6,5.8649,5.8641,3.1901,3.1903,0.0122,2.4023,1.9323,2.2396,4.5277,0.1292,5.0,-0.0424,0.1386,96.5947,0.0,219.391,220.921,71.388,71.887,100.0,18.9045,32.2938,32.2969,25.431,25.4335
SKQ202006S,KIP2,B,2020-05-07T17:28:50,-147.9875,60.2788,586,19,100.87,7,5.6684,5.6661,3.1599,3.1599,0.0122,2.2599,2.0154,2.337,4.558,0.1501,5.0,-0.043,0.1118,97.2429,0.0017,232.657,234.443,75.279,75.855,100.0,17.7494,32.1546,32.1572,25.3443,25.3466
SKQ202006S,KIP2,B,2020-05-07T17:31:28,-147.9875,60.2788,586,19,75.75,8,5.2232,5.2227,3.1027,3.1029,0.0128,1.916,2.1836,2.5446,4.571,0.2219,5.0,-0.0281,0.1004,97.5205,0.0666,260.655,262.983,83.326,84.071,100.0,14.9612,31.9441,31.9472,25.2287,25.2312
SKQ202006S,KIP2,B,2020-05-07T17:33:53,-147.9875,60.2788,586,19,50.75,9,5.0794,5.0811,3.0808,3.0811,0.0147,1.7526,2.2589,2.6407,4.5749,0.5519,4.9457,0.0156,0.097,97.6039,0.55,273.158,275.962,86.96,87.858,98.91,13.6357,31.8437,31.8454,25.165,25.1662
SKQ202006S,KIP2,B,2020-05-07T17:36:09,-147.9875,60.2788,586,19,40.58,10,5.0652,5.0644,3.0718,3.072,0.0154,1.5628,2.3408,2.7378,4.578,0.7658,5.0,0.0324,0.0944,97.6677,1.13,285.297,287.96,90.737,91.584,100.0,12.0964,31.7595,31.7619,25.0999,25.1019
SKQ202006S,KIP2,B,2020-05-07T17:38:04,-147.9875,60.2788,586,19,30.83,11,5.1386,5.1367,3.07,3.0701,0.0171,1.3269,2.4354,2.8484,4.5672,0.9245,5.0,0.0743,0.1038,97.4386,1.78,299.083,300.477,95.227,95.669,100.0,10.183,31.6735,31.6768,25.0238,25.0266
SKQ202006S,KIP2,B,2020-05-07T17:40:08,-147.9875,60.2788,586,19,20.26,12,5.3355,5.332,3.0791,3.0791,0.0204,1.2022,2.5118,2.9496,4.5533,1.2203,5.0,0.1538,0.116,97.1408,3.88,310.395,312.696,99.233,99.963,100.0,9.1719,31.5956,31.5993,24.9403,24.9436
SKQ202006S,KIP2,B,2020-05-07T17:42:10,-147.9875,60.2788,586,19,10.34,13,6.8628,6.8647,3.1654,3.166,0.0536,0.7383,2.7439,3.2352,4.4225,1.744,5.0,0.9504,0.2326,94.3503,13.8,332.575,336.661,109.822,111.179,100.0,5.4099,31.148,31.152,24.4035,24.4064
SKQ202006S,KIP2,B,2020-05-07T17:43:54,-147.9875,60.2788,586,19,2.99,14,7.0957,7.0968,3.1592,3.1596,0.072,0.5567,2.819,3.3153,4.2719,2.4004,4.9984,1.3911,0.3713,91.1354,63.8,341.751,343.889,113.229,113.943,99.97,3.9371,30.8735,30.8767,24.1574,24.1598
SKQ202006S,PWS1,B,2020-05-07T19:13:14,-147.9367,60.3802,347,20,345.36,1,6.3441,6.3441,3.2981,3.2983,0.0123,2.8255,1.4812,1.6893,4.403,0.1248,0.2947,-0.0406,0.2504,93.9334,0.0,151.508,155.158,50.09,51.297,5.89,22.3368,32.9335,32.9351,25.8769,25.8781
SKQ202006S,PWS1,B,2020-05-07T19:16:54,-147.9367,60.3802,347,20,253.22,2,6.3553,6.3549,3.2799,3.2802,0.0122,2.7375,1.5711,1.7924,4.4582,0.125,4.8443,-0.0418,0.2004,95.1122,0.0,163.731,165.801,54.077,54.762,96.89,21.6234,32.7654,32.7689,25.7428,25.7457
SKQ202006S,PWS1,B,2020-05-07T19:19:52,-147.9367,60.3802,347,20,202.84,3,6.2992,6.2975,3.2646,3.2646,0.0122,2.7009,1.6425,1.8793,4.4751,0.1257,2.374,-0.0424,0.1853,95.4733,0.0,174.07,175.182,57.378,57.743,47.48,21.3259,32.6737,32.6753,25.6776,25.6791
SKQ202006S,PWS1,B,2020-05-07T19:23:24,-147.9367,60.3802,347,20,152.07,4,6.1035,6.1086,3.2302,3.2312,0.0125,2.5683,1.7909,2.0592,4.4996,0.126,4.4458,-0.0358,0.1635,95.9949,0.0,196.863,198.118,64.516,64.937,88.91,20.2508,32.5026,32.5089,25.5669,25.5713
SKQ202006S,PWS1,B,2020-05-07T19:25:36,-147.9367,60.3802,347,20,126.09,5,5.9367,5.936,3.202,3.2022,0.0122,2.4694,1.8984,2.1987,4.5149,0.1294,5.0,-0.0424,0.1499,96.3214,0.0,213.606,216.327,69.657,70.544,100.0,19.4487,32.3588,32.3617,25.4737,25.4761
SKQ202006S,PWS1,B,2020-05-07T19:27:46,-147.9367,60.3802,347,20,100.98,6,5.7594,5.7576,3.17,3.17,0.0123,2.3086,1.9932,2.3082,4.5524,0.1564,5.0,-0.0412,0.1168,97.1227,0.007,228.415,230.025,74.079,74.599,100.0,18.1447,32.1811,32.1829,25.3545,25.3561
SKQ202006S,PWS1,B,2020-05-07T19:30:06,-147.9367,60.3802,347,20,75.38,7,5.58,5.5795,3.1448,3.145,0.0122,2.1846,2.0536,2.3723,4.5646,0.2369,5.0,-0.043,0.1061,97.3822,0.0815,238.521,239.521,76.974,77.298,100.0,17.1391,32.0811,32.084,25.2965,25.2988
SKQ202006S,PWS1,B,2020-05-07T19:32:21,-147.9367,60.3802,347,20,50.97,8,5.195,5.1944,3.0877,3.0879,0.0182,1.6995,2.2744,2.6409,4.5556,0.5416,5.0,0.1006,0.114,97.1897,0.529,275.024,274.786,87.775,87.699,100.0,13.2046,31.8125,31.8152,25.1276,25.1298
SKQ202006S,PWS1,B,2020-05-07T19:34:11,-147.9367,60.3802,347,20,40.47,9,5.148,5.1473,3.0771,3.0773,0.0186,1.4858,2.348,2.74,4.5607,0.757,5.0,0.1114,0.1095,97.2987,1.1,285.927,286.667,91.104,91.34,100.0,11.4719,31.7409,31.7436,25.0761,25.0784
SKQ202006S,PWS1,B,2020-05-07T19:36:04,-147.9367,60.3802,347,20,30.41,10,5.2631,5.2615,3.0785,3.0786,0.0337,1.3359,2.4585,2.8722,4.5397,1.0896,5.0,0.4731,0.128,96.8515,2.78,302.303,303.728,96.521,96.975,100.0,10.2557,31.6526,31.6552,24.9935,24.9958
SKQ202006S,PWS1,B,2020-05-07T19:37:42,-147.9367,60.3802,347,20,19.97,11,5.3491,5.3492,3.0825,3.0832,0.0297,1.3098,2.4985,2.8973,4.5346,1.6443,5.0,0.3769,0.1324,96.7436,10.9,307.565,304.33,98.38,97.351,100.0,10.0446,31.622,31.6305,24.9597,24.9664
SKQ202006S,PWS1,B,2020-05-07T19:39:31,-147.9367,60.3802,347,20,10.3,12,6.3751,6.3702,3.1283,3.1284,0.0593,0.9025,2.6945,3.1467,4.4249,2.2955,5.0,1.0867,0.2304,94.4029,50.0,329.812,328.69,107.716,107.342,100.0,6.7416,31.185,31.1904,24.494,24.4989
SKQ202006S,PWS1,B,2020-05-07T19:41:26,-147.9367,60.3802,347,20,3.44,13,7.3995,7.3996,3.1653,3.1655,0.1061,0.5778,2.7285,3.1833,4.1445,2.6977,5.0,2.2111,0.4924,88.4182,127.0,326.201,326.437,108.668,108.749,100.0,4.1082,30.6687,30.6711,23.9564,23.9582
SKQ202006S,PWS1,B,2020-05-07T19:41:35,-147.9367,60.3802,347,20,3.44,14,7.3988,7.3976,3.1652,3.1654,0.1052,0.6516,2.726,3.1852,4.1474,2.6776,5.0,2.1883,0.4896,88.4799,121.0,325.794,325.413,108.53,108.403,100.0,4.7064,30.6682,30.672,23.9561,23.9592
SKQ202006S,PWS2,B,2020-05-07T21:36:32,-147.8023,60.5348,730,21,731.23,1,6.3262,6.3255,3.3431,3.3433,0.0112,3.19,1.2745,1.4395,4.2431,0.1251,0.2414,-0.0681,0.3984,90.5212,0.0,125.357,128.077,41.529,42.43,4.83,25.2931,33.2671,33.2699,26.1424,26.1447
SKQ202006S,PWS2,B,2020-05-07T21:42:46,-147.8023,60.5348,730,21,505.23,2,6.3249,6.3241,3.328,3.3282,0.0112,3.0331,1.3326,1.5108,4.4431,0.1249,5.0,-0.0675,0.214,94.79,0.0,131.162,133.866,43.432,44.327,100.0,24.0208,33.2073,33.2104,26.0954,26.0979
SKQ202006S,PWS2,B,2020-05-07T21:49:29,-147.8023,60.5348,730,21,252.09,3,6.2968,6.2957,3.2746,3.2748,0.0122,2.7845,1.6058,1.8512,4.478,0.1249,5.0,-0.0424,0.1827,95.5344,0.0,169.55,173.263,55.922,57.147,100.0,22.0039,32.763,32.7657,25.7484,25.7506
SKQ202006S,PWS2,B,2020-05-07T21:52:54,-147.8023,60.5348,730,21,201.88,4,6.1468,6.1492,3.2457,3.2461,0.0123,2.687,1.7225,1.9876,4.481,0.1252,5.0,-0.04,0.18,95.5993,0.0,187.489,189.659,61.554,62.271,100.0,21.2134,32.6095,32.6113,25.646,25.6471
SKQ202006S,PWS2,B,2020-05-07T21:56:07,-147.8023,60.5348,730,21,151.27,5,5.9361,5.9364,3.2046,3.2052,0.013,2.4384,1.9006,2.2098,4.5236,0.1282,5.0,-0.0227,0.1422,96.507,0.0,214.541,218.53,69.97,71.274,100.0,19.1977,32.3768,32.3828,25.488,25.4927
SKQ202006S,PWS2,B,2020-05-07T21:58:07,-147.8023,60.5348,730,21,125.8,6,5.7745,5.7776,3.178,3.1785,0.013,2.3018,1.982,2.3089,4.5505,0.1406,5.0,-0.0245,0.1184,97.0828,0.0,227.645,230.916,73.891,74.959,100.0,18.0893,32.2447,32.2474,25.403,25.4048
SKQ202006S,PWS2,B,2020-05-07T22:01:01,-147.8023,60.5348,730,21,100.74,7,5.4598,5.4421,3.1385,3.1374,0.0122,2.2804,2.0889,2.4494,4.5486,0.1978,5.0,-0.0418,0.1202,97.0408,0.0436,245.18,249.96,78.918,80.425,100.0,17.9159,32.1121,32.1168,25.3349,25.3406
SKQ202006S,PWS2,B,2020-05-07T22:03:08,-147.8023,60.5348,730,21,75.39,8,5.3956,5.3951,3.1253,3.1255,0.0122,2.1394,2.1056,2.4665,4.5586,0.4283,5.0,-0.0418,0.1113,97.2546,0.325,247.899,251.759,79.627,80.867,100.0,16.7725,32.036,32.0387,25.282,25.2842
SKQ202006S,PWS2,B,2020-05-07T22:05:34,-147.8023,60.5348,730,21,50.44,9,4.8463,4.8381,3.0591,3.0587,0.0148,1.78,2.3087,2.7099,4.5696,0.9459,5.0,0.018,0.1017,97.4891,1.89,282.767,286.806,89.503,90.766,100.0,13.8578,31.8179,31.8213,25.1698,25.1733
SKQ202006S,PWS2,B,2020-05-07T22:07:23,-147.8023,60.5348,730,21,40.05,10,4.8588,4.857,3.0545,3.0547,0.0155,1.6021,2.3513,2.7695,4.5765,1.2592,5.0,0.036,0.0957,97.6369,4.27,288.933,294.621,91.441,93.24,100.0,12.4149,31.7579,31.762,25.1209,25.1243
SKQ202006S,PWS2,B,2020-05-07T22:08:47,-147.8023,60.5348,730,21,30.07,11,4.8973,4.8961,3.0531,3.0533,0.022,1.4134,2.4172,2.8498,4.552,1.5995,5.0,0.1921,0.1171,97.1147,9.78,298.663,304.802,94.574,96.517,100.0,10.8848,31.7099,31.7132,25.0787,25.0815
SKQ202006S,PWS2,B,2020-05-07T22:10:24,-147.8023,60.5348,730,21,19.93,12,5.0092,5.0341,3.0596,3.0622,0.0364,1.3643,2.4639,2.9005,4.5244,2.0083,5.0,0.5377,0.1415,96.5245,25.6,305.228,308.921,96.892,98.126,100.0,10.4861,31.6834,31.689,25.0457,25.0475
SKQ202006S,PWS2,B,2020-05-07T22:12:18,-147.8023,60.5348,730,21,10.24,13,6.3893,6.4144,3.1416,3.1401,0.0611,0.8099,2.6661,3.1469,4.3931,2.4703,5.0,1.1304,0.2594,93.7228,75.0,324.427,329.856,106.098,107.904,100.0,5.9903,31.3191,31.2789,24.598,24.5632
SKQ202006S,PWS2,B,2020-05-07T22:14:20,-147.8023,60.5348,730,21,3.49,14,6.8107,6.8125,3.1636,3.164,0.0389,0.745,2.6962,3.1822,4.4016,2.925,5.0,0.5957,0.2516,93.9041,214.0,325.667,329.916,107.436,108.844,100.0,5.464,31.1787,31.181,24.4344,24.436
SKQ202006S,PWS3,B,2020-05-08T01:03:41,-147.6682,60.6675,740,22,732.47,1,6.3273,6.3263,3.3431,3.3433,0.0111,3.1317,1.2782,1.4465,4.298,0.1253,0.1916,-0.0693,0.3468,91.6948,0.0,125.991,129.316,41.739,42.841,3.83,24.82,33.2654,33.2682,26.1409,26.1432
SKQ202006S,PWS3,B,2020-05-08T01:09:49,-147.6682,60.6675,740,22,505.54,2,6.3218,6.3213,3.328,3.3282,0.0117,3.1166,1.3303,1.5101,4.4281,0.1249,5.0,-0.0544,0.2275,94.4693,0.0,130.963,134.037,43.364,44.381,100.0,24.6978,33.2103,33.2129,26.0981,26.1003
SKQ202006S,PWS3,B,2020-05-08T01:16:25,-147.6682,60.6675,740,22,252.61,3,6.0632,6.0635,3.2554,3.2556,0.0115,2.7469,1.7055,1.9664,4.4693,0.1249,4.7834,-0.0603,0.1905,95.3483,0.0,186.068,189.152,61.043,62.056,95.67,21.6996,32.7734,32.7755,25.7857,25.7873
SKQ202006S,PWS3,B,2020-05-08T01:19:11,-147.6682,60.6675,740,22,201.81,4,6.1442,6.1637,3.2509,3.2535,0.0122,2.6688,1.7386,2.0114,4.4841,0.1246,5.0,-0.043,0.1773,95.6636,0.0,189.404,190.628,62.207,62.642,100.0,21.066,32.6698,32.6807,25.6938,25.7001
SKQ202006S,PWS3,B,2020-05-08T01:22:06,-147.6682,60.6675,740,22,151.35,5,6.0027,6.0378,3.2183,3.2232,0.0122,2.5391,1.8434,2.1354,4.4909,0.1254,5.0,-0.043,0.1712,95.8093,0.0,204.881,208.122,66.968,68.093,100.0,20.0138,32.4661,32.4869,25.5505,25.5626
SKQ202006S,PWS3,B,2020-05-08T01:24:18,-147.6682,60.6675,740,22,126.33,6,5.3741,5.3724,3.1423,3.1423,0.0122,2.3185,2.1033,2.4617,4.4834,0.1279,5.0,-0.0418,0.1779,95.6503,0.0,248.824,253.07,79.996,81.359,100.0,18.2249,32.2246,32.2271,25.4336,25.4358
SKQ202006S,PWS3,B,2020-05-08T01:26:33,-147.6682,60.6675,740,22,101.17,7,5.2663,5.2616,3.1217,3.1214,0.0134,2.2806,2.144,2.5028,4.4977,0.1441,5.0,-0.0137,0.1652,95.9545,0.0,256.0,259.127,82.021,83.014,100.0,17.9179,32.1062,32.108,25.3522,25.3541
SKQ202006S,PWS3,B,2020-05-08T01:28:55,-147.6682,60.6675,740,22,75.55,8,4.9133,4.9215,3.0757,3.0771,0.0176,1.7678,2.3488,2.7621,4.5327,0.2422,5.0,0.0875,0.1342,96.701,0.0869,288.936,293.4,91.68,93.12,100.0,13.7591,31.9316,31.9397,25.2527,25.2583
SKQ202006S,PWS3,B,2020-05-08T01:31:09,-147.6682,60.6675,740,22,50.56,9,4.9117,4.9129,3.0614,3.0617,0.0208,1.6862,2.3312,2.732,4.5702,0.5618,5.0,0.1616,0.1012,97.5029,0.571,285.673,288.535,90.539,91.451,100.0,13.0969,31.7812,31.7841,25.1337,25.1359
SKQ202006S,PWS3,B,2020-05-08T01:32:49,-147.6682,60.6675,740,22,40.41,10,4.9477,4.9468,3.0634,3.0636,0.0189,1.6041,2.3437,2.7497,4.5628,0.804,4.9955,0.1174,0.1077,97.3439,1.27,287.233,290.209,91.108,92.052,99.91,12.4314,31.7746,31.7778,25.1246,25.1272
SKQ202006S,PWS3,B,2020-05-08T01:34:30,-147.6682,60.6675,740,22,30.42,11,4.9633,4.9606,3.0588,3.0588,0.0199,1.4367,2.4052,2.8303,4.5577,1.074,5.0,0.1419,0.1122,97.2349,2.66,295.658,299.398,93.771,94.953,100.0,11.0736,31.7122,31.7152,25.0735,25.0761
SKQ202006S,PWS3,B,2020-05-08T01:36:13,-147.6682,60.6675,740,22,20.17,12,5.608,5.5764,3.1035,3.1022,0.2856,0.9488,2.6916,3.1685,4.2886,1.5984,5.0,6.5181,0.3563,91.4917,9.76,335.905,336.934,108.098,108.361,100.0,7.1167,31.6154,31.6303,24.9251,24.9405
SKQ202006S,PWS3,B,2020-05-08T01:37:48,-147.6682,60.6675,740,22,10.24,13,6.4681,6.482,3.1366,3.1374,0.1335,0.5608,2.7729,3.2942,4.222,2.2649,5.0,2.8689,0.4183,90.0714,46.6,340.1,346.53,111.322,113.46,100.0,3.9706,31.192,31.1883,24.488,24.4834
SKQ202006S,PWS3,B,2020-05-08T01:39:34,-147.6682,60.6675,740,22,2.96,14,7.4526,7.4546,3.178,3.1784,0.0935,0.601,2.7911,3.2933,4.1093,2.8641,5.0,1.909,0.5265,87.6674,186.0,335.031,338.677,111.818,113.042,100.0,4.2958,30.7577,30.7602,24.0192,24.0209
SKQ202006S,MS2,B,2020-05-08T20:55:56,-147.8918,59.9428,196,27,197.26,1,6.0695,6.0693,3.2349,3.2352,0.0283,2.6634,1.7058,1.9597,3.4665,0.1253,0.4782,0.344,1.2089,73.9514,0.0,184.582,186.897,60.471,61.231,9.56,21.0224,32.5654,32.5687,25.6206,25.6233
SKQ202006S,MS2,B,2020-05-08T20:58:38,-147.8918,59.9428,196,27,154.76,2,5.6069,5.6058,3.1725,3.1727,0.0186,2.1701,2.0319,2.3644,4.2507,0.1245,2.2485,0.1102,0.3912,90.6839,0.0,235.799,239.212,76.285,77.389,44.97,17.0221,32.3293,32.3325,25.4896,25.4923
SKQ202006S,MS2,B,2020-05-08T21:01:10,-147.8918,59.9428,196,27,127.0,3,5.6044,5.6022,3.14,3.1401,0.025,1.4911,2.3873,2.7993,4.4866,0.1245,3.6405,0.2656,0.175,95.7189,0.0,292.773,297.211,94.465,95.894,72.81,11.5152,31.9788,31.9822,25.2128,25.2157
SKQ202006S,MS2,B,2020-05-08T21:03:17,-147.8918,59.9428,196,27,101.94,4,5.7121,5.7076,3.1449,3.1451,0.0279,0.1879,2.5006,2.9344,4.4839,0.1294,4.8959,0.3326,0.1774,95.661,0.0,306.899,309.912,99.248,100.216,97.92,0.9459,31.944,31.9499,25.1727,25.1779
SKQ202006S,MS2,B,2020-05-08T21:06:24,-147.8918,59.9428,196,27,75.23,5,6.0534,6.0525,3.1538,3.1539,0.0318,0.0939,2.5559,3.0063,4.4623,0.1954,1.7532,0.4271,0.1968,95.2005,0.0413,312.667,315.667,101.767,102.743,35.06,0.1837,31.7345,31.7374,24.9667,24.969
SKQ202006S,MS2,B,2020-05-08T21:08:59,-147.8918,59.9428,196,27,50.6,6,6.0738,6.0731,3.153,3.1532,0.0319,0.0937,2.5693,3.0044,4.4664,0.5466,2.5345,0.4301,0.1931,95.2872,0.539,313.235,314.801,101.988,102.499,50.69,0.1819,31.7189,31.7218,24.9519,24.9543
SKQ202006S,MS2,B,2020-05-08T21:11:05,-147.8918,59.9428,196,27,40.44,7,6.1379,6.1374,3.1524,3.1526,0.0335,0.0935,2.5665,3.0062,4.4449,0.8967,2.9522,0.4672,0.2124,94.8283,1.65,311.89,313.198,101.656,102.083,59.04,0.1802,31.6571,31.6597,24.8953,24.8974
SKQ202006S,MS2,B,2020-05-08T21:13:13,-147.8918,59.9428,196,27,30.57,8,6.228,6.2303,3.1538,3.154,0.0336,0.0934,2.5682,3.0018,4.4553,1.2776,3.2543,0.4713,0.203,95.0505,4.47,311.597,312.897,101.726,102.156,65.09,0.1794,31.5935,31.5938,24.8342,24.8342
SKQ202006S,MS2,B,2020-05-08T21:15:08,-147.8918,59.9428,196,27,20.23,9,6.378,6.3772,3.1527,3.1529,0.0312,0.0935,2.5642,3.002,4.4502,1.7598,3.7269,0.4127,0.2076,94.941,14.3,309.176,312.06,101.179,102.123,74.54,0.18,31.4474,31.4504,24.7005,24.703
SKQ202006S,MS2,B,2020-05-08T21:17:01,-147.8918,59.9428,196,27,10.36,10,6.3655,6.3647,3.1489,3.1492,0.0337,0.0933,2.5632,2.9988,4.4287,2.2354,4.1886,0.4731,0.227,94.4831,43.5,309.21,310.961,101.142,101.715,83.77,0.1784,31.4219,31.4252,24.6819,24.6846
SKQ202006S,MS2,B,2020-05-08T21:18:58,-147.8918,59.9428,196,27,3.5,11,6.3638,6.3632,3.1481,3.1484,0.0318,0.0933,2.5639,2.9968,4.4282,2.8678,4.2746,0.4271,0.2275,94.4709,188.0,308.683,309.52,100.962,101.237,85.49,0.179,31.4175,31.4209,24.6787,24.6815
SKQ202006S,GAK5,B,2020-05-09T16:11:03,-148.906,59.2623,165,29,160.72,1,6.0321,6.0314,3.2965,3.2966,0.0185,3.0414,1.4798,1.6841,4.106,0.1254,0.9785,0.1096,0.5297,87.5961,0.0,148.618,150.462,48.915,49.522,19.57,24.0875,33.3087,33.3104,26.2123,26.2137
SKQ202006S,GAK5,B,2020-05-09T16:13:07,-148.906,59.2623,165,29,151.63,2,6.0188,6.0179,3.2821,3.2823,0.0166,2.8124,1.613,1.8532,4.3194,0.1248,0.7635,0.0623,0.327,92.151,0.0,168.847,171.92,55.496,56.507,15.27,22.2303,33.1641,33.1673,26.0997,26.1024
SKQ202006S,GAK5,B,2020-05-09T16:15:45,-148.906,59.2623,165,29,125.04,3,6.0439,6.0424,3.2794,3.2795,0.0137,2.7694,1.6596,1.9109,4.4429,0.1251,2.072,-0.0077,0.2141,94.7868,0.0,175.342,178.548,57.647,58.7,41.44,21.8823,33.1228,33.1259,26.064,26.0666
SKQ202006S,GAK5,B,2020-05-09T16:18:06,-148.906,59.2623,165,29,102.92,4,5.4495,5.449,3.193,3.1933,0.0137,2.3092,2.0551,2.3945,4.5874,0.1259,3.1752,-0.0077,0.0862,97.8682,0.0,238.794,241.912,77.203,78.212,63.5,18.1493,32.7398,32.7433,25.8326,25.8354
SKQ202006S,GAK5,B,2020-05-09T16:20:33,-148.906,59.2623,165,29,76.75,5,5.1301,5.1292,3.1414,3.1416,0.0231,1.8854,2.3137,2.7129,4.568,0.1309,4.4871,0.2172,0.1031,97.4556,0.0,280.522,283.813,89.834,90.889,89.74,14.7124,32.4751,32.4787,25.6595,25.6624
SKQ202006S,GAK5,B,2020-05-09T16:22:59,-148.906,59.2623,165,29,50.85,6,5.959,5.9498,3.1935,3.1932,0.1133,1.3728,2.4867,2.9289,4.3472,0.2097,5.0,2.3827,0.3013,92.7439,0.0547,299.865,304.365,97.778,99.228,100.0,10.5554,32.2787,32.2843,25.4078,25.4133
SKQ202006S,GAK5,B,2020-05-09T16:25:13,-148.906,59.2623,165,29,39.33,7,6.2292,6.2273,3.2087,3.209,0.161,1.2517,2.5505,3.0091,4.2219,0.4302,5.0,3.528,0.4184,90.0698,0.328,307.668,312.759,100.896,102.565,100.0,9.5735,32.1976,32.2026,25.3107,25.3149
SKQ202006S,GAK5,B,2020-05-09T16:26:58,-148.906,59.2623,165,29,28.29,8,6.2345,6.2339,3.2078,3.208,0.1654,1.3113,2.5636,3.0194,4.1479,0.8902,4.74,3.6344,0.4892,88.49,1.62,309.32,313.301,101.443,102.749,94.8,10.0563,32.1876,32.1907,25.3021,25.3047
SKQ202006S,GAK5,B,2020-05-09T16:28:47,-148.906,59.2623,165,29,21.39,9,6.2346,6.2337,3.2075,3.2077,0.1797,1.2975,2.5677,3.0287,4.1738,1.3482,4.2721,3.9759,0.4642,89.0425,5.33,309.078,313.698,101.363,102.879,85.44,9.9445,32.1872,32.1907,25.3018,25.3047
SKQ202006S,GAK5,B,2020-05-09T16:30:45,-148.906,59.2623,165,29,9.9,10,6.2381,6.2371,3.2073,3.2075,0.1957,1.2804,2.5755,3.0348,4.1448,2.228,3.0043,4.3604,0.4921,88.4257,42.8,309.713,314.138,101.58,103.031,60.09,9.8063,32.1871,32.1906,25.3013,25.3041
SKQ202006S,GAK5,B,2020-05-09T16:32:23,-148.906,59.2623,165,29,3.81,11,6.2378,6.2373,3.207,3.2072,0.1611,1.2595,2.5751,3.03,4.1161,2.8402,3.5485,3.5309,0.5199,87.8115,176.0,309.708,313.713,101.577,102.892,70.97,9.6367,32.1872,32.1905,25.3014,25.3041
SKQ202006S,GAK6,B,2020-05-09T19:22:34,-148.773,59.1165,148,31,143.9,1,5.7974,5.7964,3.2362,3.2364,0.0148,2.5074,1.8961,2.1967,4.1221,0.1258,0.2972,0.018,0.514,87.9407,0.0,213.36,216.517,69.613,70.643,5.94,19.7565,32.8688,32.8724,25.8934,25.8964
SKQ202006S,GAK6,B,2020-05-09T19:24:38,-148.773,59.1165,148,31,127.67,2,5.7858,5.785,3.2334,3.2336,0.0147,2.4484,1.9057,2.2111,4.2184,0.1282,1.1034,0.0156,0.4216,89.9959,0.0,214.043,217.364,69.81,70.894,22.07,19.2788,32.8561,32.8599,25.8848,25.888
SKQ202006S,GAK6,B,2020-05-09T19:27:16,-148.773,59.1165,148,31,101.31,3,5.5697,5.5689,3.1817,3.1819,0.0135,2.1164,2.2049,2.576,4.4172,0.1584,2.4074,-0.0125,0.2374,94.2375,0.0087,261.716,264.57,84.7,85.624,48.15,16.5864,32.4955,32.4988,25.6253,25.6281
SKQ202006S,GAK6,B,2020-05-09T19:29:45,-148.773,59.1165,148,31,76.17,4,5.6475,5.6452,3.1804,3.1806,0.0287,1.9257,2.2853,2.6692,4.4126,0.3316,3.6592,0.3535,0.2415,94.1402,0.189,272.596,275.552,88.332,89.287,73.18,15.0392,32.4183,32.4221,25.5552,25.5585
SKQ202006S,GAK6,B,2020-05-09T19:32:13,-148.773,59.1165,148,31,51.15,5,6.0053,5.9934,3.2015,3.201,0.0856,1.6322,2.4256,2.8393,4.4225,1.0512,4.9172,1.7177,0.2327,94.3497,2.51,291.136,293.834,95.067,95.925,98.34,12.659,32.3249,32.3301,25.4386,25.4442
SKQ202006S,GAK6,B,2020-05-09T19:34:14,-148.773,59.1165,148,31,39.52,6,6.2299,6.2288,3.2211,3.2214,0.0853,1.5926,2.4736,2.9037,4.3914,1.5003,4.8244,1.7105,0.2609,93.6856,7.71,295.229,298.457,96.916,97.976,96.49,12.3381,32.3351,32.3387,25.4191,25.422
SKQ202006S,GAK6,B,2020-05-09T19:36:12,-148.773,59.1165,148,31,30.6,7,6.2439,6.2433,3.222,3.2223,0.079,1.5964,2.4829,2.9157,4.3809,1.879,4.8049,1.5598,0.2704,93.4628,18.9,296.615,300.095,97.404,98.547,96.1,12.369,32.3359,32.339,25.418,25.4205
SKQ202006S,GAK6,B,2020-05-09T19:38:00,-148.773,59.1165,148,31,19.94,8,6.2586,6.2579,3.2228,3.223,0.088,1.5456,2.4918,2.9234,4.3712,2.332,1.4188,1.7775,0.2793,93.2565,54.4,297.372,300.991,97.685,98.875,28.38,11.9569,32.3353,32.3389,25.4157,25.4186
SKQ202006S,GAK6,B,2020-05-09T19:40:11,-148.773,59.1165,148,31,10.12,9,6.2735,6.2727,3.223,3.2232,0.0737,1.6204,2.4935,2.93,4.3588,2.8176,1.9921,1.433,0.2907,92.9911,167.0,296.73,300.575,97.503,98.767,39.84,12.5636,32.3282,32.3314,25.4082,25.4108
SKQ202006S,GAK6,B,2020-05-09T19:42:21,-148.773,59.1165,148,31,4.4,10,6.319,6.3174,3.2266,3.2268,0.0511,1.5767,2.4996,2.9396,4.3624,3.1412,1.7739,0.8894,0.2873,93.0688,353.0,297.46,301.522,97.846,99.181,35.48,12.2087,32.3281,32.3314,25.4025,25.4052
SKQ202006S,GAK6,B,2020-05-09T19:42:27,-148.773,59.1165,148,31,4.35,11,6.3198,6.3186,3.2267,3.2267,0.0469,1.4898,2.5008,2.9298,4.3635,3.1831,2.4528,0.7889,0.2864,93.0921,389.0,297.593,299.511,97.892,98.521,49.06,11.5042,32.328,32.3299,25.4023,25.4039
SKQ202006S,GAK7,B,2020-05-09T22:07:17,-148.6287,58.9723,241,33,240.35,1,5.6439,5.6386,3.2964,3.2964,0.0136,3.5331,1.2242,1.3732,4.3178,0.1247,0.2234,-0.0089,0.3284,92.117,0.0,111.043,113.267,36.31,37.034,4.47,28.0753,33.6524,33.6573,26.5315,26.5361
SKQ202006S,GAK7,B,2020-05-09T22:09:42,-148.6287,58.9723,241,33,199.85,2,5.7872,5.7886,3.2537,3.2546,0.0134,2.7572,1.731,1.9907,4.431,0.1248,2.2347,-0.0137,0.2249,94.5311,0.0,189.614,191.221,61.933,62.464,44.69,21.7829,33.0487,33.0574,26.0369,26.0436
SKQ202006S,GAK7,B,2020-05-09T22:14:02,-148.6287,58.9723,241,33,151.84,3,5.7778,5.7754,3.238,3.2381,0.0122,2.5988,1.8615,2.1559,4.4463,0.1252,4.5773,-0.0424,0.2112,94.8575,0.0,208.334,211.207,67.96,68.895,91.55,20.4984,32.9037,32.9075,25.9234,25.9267
SKQ202006S,GAK7,B,2020-05-09T22:16:22,-148.6287,58.9723,241,33,125.74,4,5.5727,5.5733,3.1929,3.1934,0.0134,2.2259,2.0906,2.4416,4.4826,0.1282,5.0,-0.0149,0.1786,95.6328,0.0,244.496,247.91,79.198,80.308,100.0,17.4743,32.607,32.6125,25.7132,25.7175
SKQ202006S,GAK7,B,2020-05-09T22:18:41,-148.6287,58.9723,241,33,100.8,5,5.4907,5.4898,3.1714,3.1716,0.0159,2.0859,2.2116,2.5846,4.5105,0.1453,1.7585,0.0456,0.1538,96.2289,0.0,263.303,266.818,85.029,86.165,35.17,16.3386,32.4549,32.4584,25.6025,25.6054
SKQ202006S,GAK7,B,2020-05-09T22:21:02,-148.6287,58.9723,241,33,75.72,6,6.1373,6.1346,3.2151,3.2152,0.0849,1.6612,2.4312,2.8571,4.3903,0.2802,2.9223,1.7015,0.2618,93.6632,0.128,291.51,295.678,95.492,96.854,58.45,12.8944,32.3385,32.342,25.4332,25.4363
SKQ202006S,GAK7,B,2020-05-09T22:23:16,-148.6287,58.9723,241,33,49.89,7,6.264,6.263,3.2246,3.2248,0.1001,1.6659,2.4656,2.8929,4.3478,0.9577,4.1815,2.0681,0.3008,92.7572,1.96,294.906,297.233,96.887,97.652,83.63,12.932,32.3357,32.3389,25.4153,25.418
SKQ202006S,GAK7,B,2020-05-09T22:24:53,-148.6287,58.9723,241,33,40.02,8,6.327,6.3262,3.2291,3.2293,0.116,1.6256,2.485,2.9291,4.3306,1.3986,4.8048,2.4479,0.3166,92.3892,6.03,296.855,301.723,97.667,99.269,96.1,12.6056,32.3305,32.3338,25.4033,25.406
SKQ202006S,GAK7,B,2020-05-09T22:26:35,-148.6287,58.9723,241,33,31.32,9,6.3458,6.3452,3.2302,3.2304,0.1061,1.6206,2.4994,2.9417,4.3169,1.7684,5.0,2.2099,0.3294,92.0957,14.6,298.157,301.905,98.137,99.371,100.0,12.5652,32.329,32.332,25.3998,25.4023
SKQ202006S,GAK7,B,2020-05-09T22:28:28,-148.6287,58.9723,241,33,20.55,10,6.3581,6.3574,3.2307,3.2309,0.1215,1.6035,2.5119,2.9556,4.2757,2.306,5.0,2.5807,0.3678,91.2178,51.2,299.608,303.582,98.643,99.952,100.0,12.4264,32.3287,32.3318,25.398,25.4006
SKQ202006S,GAK7,B,2020-05-09T22:30:30,-148.6287,58.9723,241,33,10.79,11,6.369,6.3688,3.2312,3.2314,0.0857,1.5367,2.5244,2.9612,4.2569,2.8392,5.0,1.7213,0.3854,90.8158,176.0,301.16,302.665,99.178,99.675,100.0,11.8846,32.328,32.3311,25.3961,25.3985
SKQ202006S,GAK7,B,2020-05-09T22:32:28,-148.6287,58.9723,241,33,3.2,12,6.577,6.5758,3.2481,3.2483,0.0536,1.5014,2.5405,2.9896,4.264,3.3702,5.0,0.9504,0.3787,90.9679,598.0,301.501,305.353,99.765,101.039,100.0,11.5982,32.3222,32.3256,25.3651,25.368
SKQ202006S,GEO1,B,2020-05-10T01:51:26,-148.6892,59.0127,232,35,233.74,1,5.9038,5.903,3.2847,3.285,0.0135,2.9222,1.5528,1.7857,4.0965,0.1249,0.5211,-0.0107,0.539,87.3936,0.0,161.415,164.755,52.952,54.048,10.42,23.1211,33.2663,33.2708,26.1947,26.1983
SKQ202006S,GEO1,B,2020-05-10T01:53:15,-148.6892,59.0127,232,35,202.45,2,5.7379,5.7371,3.2435,3.2438,0.0137,2.6589,1.7919,2.0841,4.3833,0.1245,1.7741,-0.0077,0.2683,93.5133,0.0,199.04,203.743,64.904,66.438,35.48,20.9858,32.9808,32.9843,25.9892,25.992
SKQ202006S,GEO1,B,2020-05-10T01:55:53,-148.6892,59.0127,232,35,151.73,3,5.7074,5.7067,3.2216,3.2219,0.0158,2.392,1.9618,2.2919,4.4128,0.1246,4.2622,0.042,0.2414,94.144,0.0,224.447,228.922,73.032,74.489,85.24,18.821,32.7884,32.7915,25.8407,25.8433
SKQ202006S,GEO1,B,2020-05-10T01:57:47,-148.6892,59.0127,232,35,127.11,4,5.6007,5.6007,3.1975,3.1978,0.0133,2.2612,2.092,2.447,4.4778,0.1265,4.8617,-0.0173,0.1829,95.5302,0.0,244.749,248.179,79.346,80.461,97.23,17.7599,32.6313,32.6353,25.7291,25.7323
SKQ202006S,GEO1,B,2020-05-10T01:59:41,-148.6892,59.0127,232,35,101.06,5,5.5385,5.5385,3.1809,3.1814,0.0187,2.0645,2.1827,2.5617,4.4905,0.1356,2.2404,0.1126,0.1716,95.8024,0.0,257.358,262.153,83.241,84.796,44.81,16.1648,32.5161,32.5223,25.6453,25.6502
SKQ202006S,GEO1,B,2020-05-10T02:01:52,-148.6892,59.0127,232,35,76.01,6,6.0448,6.0445,3.2065,3.2068,0.0942,1.6991,2.4273,2.8659,4.3766,0.2226,2.8086,1.9246,0.2744,93.3703,0.0672,291.467,297.0,95.267,97.077,56.17,13.2016,32.3305,32.3341,25.4382,25.4411
SKQ202006S,GEO1,B,2020-05-10T02:03:57,-148.6892,59.0127,232,35,51.35,7,6.2778,6.2772,3.2253,3.2255,0.1209,1.6231,2.4784,2.9291,4.3501,0.7985,4.1847,2.5645,0.2987,92.805,1.25,296.66,302.396,97.491,99.376,83.69,12.5848,32.3297,32.3327,25.4088,25.4113
SKQ202006S,GEO1,B,2020-05-10T02:05:25,-148.6892,59.0127,232,35,40.35,8,6.3334,6.3357,3.2297,3.2302,0.116,1.6375,2.4894,2.9418,4.3182,1.2469,4.8222,2.4485,0.3281,92.1255,4.14,297.719,302.65,97.967,99.596,96.44,12.7018,32.3316,32.3344,25.4034,25.4053
SKQ202006S,GEO1,B,2020-05-10T02:06:53,-148.6892,59.0127,232,35,30.8,9,6.361,6.3605,3.2317,3.232,0.106,1.6001,2.4984,2.9511,4.2974,1.7064,4.7494,2.2093,0.3474,91.6809,12.6,298.419,303.643,98.26,99.982,94.99,12.3989,32.3321,32.3352,25.4004,25.4028
SKQ202006S,GEO1,B,2020-05-10T02:08:24,-148.6892,59.0127,232,35,20.33,10,6.4629,6.462,3.24,3.2402,0.1004,1.5914,2.5233,2.9798,4.2925,2.2116,5.0,2.0723,0.352,91.5762,41.2,300.778,305.091,99.271,100.695,100.0,12.3284,32.3327,32.3358,25.3879,25.3905
SKQ202006S,GEO1,B,2020-05-10T02:11:31,-148.6892,59.0127,232,35,9.91,11,6.5724,6.5721,3.2488,3.249,0.0864,1.5967,2.5327,2.9948,4.2681,2.6845,5.0,1.7374,0.3748,91.0556,123.0,300.854,306.24,99.546,101.33,100.0,12.3712,32.3302,32.3332,25.372,25.3744
SKQ202006S,GEO1,B,2020-05-10T02:13:04,-148.6892,59.0127,232,35,3.0,12,6.6954,6.6947,3.2589,3.2592,0.0736,1.5841,2.5412,3.0002,4.2998,3.1346,5.0,1.4294,0.3453,91.7325,347.0,300.591,305.758,99.741,101.456,100.0,12.2687,32.3295,32.3327,25.3556,25.3582
SKQ202006S,GAK4,B,2020-05-10T05:22:16,-149.0505,59.41,198,36,197.4,1,5.8862,5.8852,3.3061,3.3063,0.024,3.3386,1.2699,1.4364,3.2965,0.1264,0.5235,0.2399,1.4087,70.3228,0.0,117.316,120.444,38.548,39.576,10.47,26.4982,33.5426,33.5459,26.4152,26.4179
SKQ202006S,GAK4,B,2020-05-10T05:25:28,-149.0505,59.41,198,36,150.94,2,5.9379,5.9371,3.2738,3.274,0.0129,2.9231,1.606,1.8555,4.5446,0.1245,2.482,-0.0251,0.1237,96.9558,0.0,168.308,172.829,55.21,56.693,49.64,23.1284,33.1514,33.1543,26.0996,26.1021
SKQ202006S,GAK4,B,2020-05-10T05:27:04,-149.0505,59.41,198,36,125.28,3,5.8076,5.8085,3.2368,3.2373,0.0122,2.522,1.8696,2.1786,4.523,0.1246,3.7479,-0.0424,0.1427,96.4942,0.0,208.565,212.938,68.067,69.499,74.96,19.8753,32.8742,32.8796,25.8965,25.9007
SKQ202006S,GAK4,B,2020-05-10T05:28:48,-149.0505,59.41,198,36,100.84,4,5.7174,5.7169,3.2196,3.2199,0.0129,2.436,1.9565,2.2899,4.5399,0.1247,4.9703,-0.0269,0.1278,96.8558,0.0,222.324,227.607,72.354,74.075,99.41,19.1781,32.781,32.7845,25.8337,25.8365
SKQ202006S,GAK4,B,2020-05-10T05:31:05,-149.0505,59.41,198,36,75.36,5,5.5326,5.532,3.187,3.1873,0.0136,2.2522,2.1205,2.489,4.5742,0.1257,4.8386,-0.0089,0.0976,97.5885,0.0,247.771,252.516,80.181,81.718,96.77,17.6877,32.6039,32.6077,25.7154,25.7185
SKQ202006S,GAK4,B,2020-05-10T05:33:15,-149.0505,59.41,198,36,50.52,6,5.9655,5.9649,3.1986,3.1988,0.1696,1.4195,2.4464,2.8964,4.2303,0.1343,2.8865,3.7331,0.4104,90.2495,0.0,294.23,299.741,95.992,97.79,57.73,10.9346,32.3304,32.3326,25.4478,25.4496
SKQ202006S,GAK4,B,2020-05-10T05:36:00,-149.0505,59.41,198,36,40.75,7,6.326,6.3253,3.2223,3.2226,0.2656,1.191,2.5868,3.059,4.0906,0.1623,4.0418,6.0385,0.5448,87.2675,0.012,312.517,317.952,102.761,104.549,80.84,9.0806,32.2566,32.2597,25.3451,25.3477
SKQ202006S,GAK4,B,2020-05-10T05:38:45,-149.0505,59.41,198,36,31.52,8,6.3341,6.3332,3.2225,3.2227,0.2611,1.1379,2.5984,3.0793,4.0394,0.2459,3.9948,5.9303,0.5951,86.1759,0.0907,313.578,319.839,103.129,105.188,79.9,8.6506,32.2552,32.2587,25.343,25.3459
SKQ202006S,GAK4,B,2020-05-10T05:40:33,-149.0505,59.41,198,36,20.24,9,6.3996,6.4005,3.2276,3.228,0.2502,1.153,2.6489,3.1393,3.9436,0.6224,4.7937,5.6683,0.6912,84.1314,0.711,320.391,326.422,105.529,107.52,95.88,8.7734,32.2551,32.2583,25.3347,25.3371
SKQ202006S,GAK4,B,2020-05-10T05:42:28,-149.0505,59.41,198,36,10.63,10,6.5578,6.5455,3.2407,3.2399,0.2172,1.0974,2.6586,3.1485,4.0157,1.1895,5.0,4.8765,0.6187,85.6697,3.6,319.988,324.793,105.783,107.343,100.0,8.322,32.255,32.2579,25.3146,25.3185
SKQ202006S,GAK4,B,2020-05-10T05:44:37,-149.0505,59.41,198,36,3.2,11,6.5838,6.5829,3.2426,3.2428,0.1982,1.1738,2.6612,3.1483,4.0191,1.772,5.0,4.4202,0.6153,85.742,14.8,319.939,324.639,105.83,107.385,100.0,8.9412,32.2544,32.2575,25.3108,25.3134
SKQ202006S,GAK3,B,2020-05-10T16:29:50,-149.1853,59.5542,210,38,208.42,1,5.9138,5.9131,3.303,3.3022,0.0162,3.294,1.3319,1.5126,4.0055,0.1255,0.2322,0.0516,0.6289,85.4517,0.0,127.199,130.202,41.801,42.785,4.64,26.1362,33.4742,33.4662,26.3577,26.3515
SKQ202006S,GAK3,B,2020-05-10T16:32:42,-149.1853,59.5542,210,38,151.74,2,5.9126,5.9123,3.2704,3.2707,0.0122,2.9046,1.6489,1.9,4.5702,0.126,3.0349,-0.0418,0.1012,97.5024,0.0,174.939,178.228,57.345,58.424,60.7,22.9784,33.1368,33.1413,26.0912,26.0948
SKQ202006S,GAK3,B,2020-05-10T16:34:47,-149.1853,59.5542,210,38,125.78,3,5.6274,5.626,3.2192,3.2193,0.0123,2.537,1.8994,2.2153,4.5729,0.1319,4.3135,-0.0412,0.0988,97.5593,0.0,214.563,219.051,69.718,71.175,86.27,19.9972,32.8511,32.8536,25.8998,25.9019
SKQ202006S,GAK3,B,2020-05-10T16:36:48,-149.1853,59.5542,210,38,100.92,4,5.5315,5.5312,3.1923,3.1925,0.0226,2.2987,2.0817,2.4321,4.5905,0.1636,5.0,0.2082,0.0834,97.9352,0.0131,242.611,246.603,78.538,79.831,100.0,18.064,32.6521,32.6548,25.7537,25.7559
SKQ202006S,GAK3,B,2020-05-10T16:39:03,-149.1853,59.5542,210,38,76.27,5,5.254,5.2533,3.1436,3.1437,0.0141,1.9584,2.3241,2.7306,4.5899,0.231,5.0,0.0018,0.084,97.9219,0.0755,281.652,285.746,90.397,91.711,100.0,15.3047,32.38,32.3826,25.5703,25.5724
SKQ202006S,GAK3,B,2020-05-10T16:41:34,-149.1853,59.5542,210,38,50.63,6,6.1953,6.1917,3.2108,3.2109,0.0802,1.372,2.5375,2.9981,4.4553,0.8132,3.3206,1.5891,0.2031,95.0505,1.3,305.898,311.615,100.274,102.142,66.41,10.5486,32.2479,32.2518,25.3546,25.3581
SKQ202006S,GAK3,B,2020-05-10T16:43:27,-149.1853,59.5542,210,38,40.31,7,6.239,6.2387,3.2141,3.2143,0.0841,1.3066,2.5411,3.0042,4.4754,1.2184,4.8632,1.683,0.185,95.4796,3.86,305.727,311.794,100.319,102.311,97.26,10.0187,32.2477,32.2503,25.349,25.3511
SKQ202006S,GAK3,B,2020-05-10T16:45:01,-149.1853,59.5542,210,38,30.41,8,6.2447,6.2442,3.2142,3.2144,0.0763,1.3643,2.5507,3.0111,4.4641,1.5804,4.994,1.494,0.1952,95.2377,9.35,307.052,311.727,100.767,102.303,99.88,10.4865,32.2477,32.2506,25.3482,25.3506
SKQ202006S,GAK3,B,2020-05-10T16:46:38,-149.1853,59.5542,210,38,20.14,9,6.4119,6.411,3.2281,3.2283,0.0754,1.2678,2.569,3.0327,4.4886,1.8976,4.7867,1.4731,0.1733,95.7609,19.8,308.204,312.063,101.54,102.811,95.73,9.704,32.2494,32.2522,25.3287,25.331
SKQ202006S,GAK3,B,2020-05-10T16:48:42,-149.1853,59.5542,210,38,10.57,10,6.412,6.4121,3.2278,3.228,0.061,1.3141,2.5656,3.0437,4.4681,2.3301,5.0,1.1286,0.1916,95.3244,54.2,306.112,314.261,100.851,103.538,100.0,10.0795,32.2496,32.2523,25.3289,25.331
SKQ202006S,GAK3,B,2020-05-10T16:51:03,-149.1853,59.5542,210,38,2.86,11,6.4153,6.4145,3.2277,3.2279,0.054,1.292,2.5729,3.0472,4.4837,2.976,5.0,0.96,0.1776,95.6573,241.0,307.617,314.336,101.354,103.569,100.0,9.9003,32.2494,32.2524,25.3283,25.3308
SKQ202006S,GAK2I,B,2020-05-10T17:47:34,-149.2587,59.6268,211,39,207.11,1,5.904,5.9033,3.3058,3.306,0.0152,3.3157,1.2926,1.4638,4.054,0.1253,0.2687,0.0276,0.5811,86.488,0.0,120.868,124.226,39.724,40.828,5.37,26.3129,33.5164,33.5192,26.3923,26.3946
SKQ202006S,GAK2I,B,2020-05-10T17:50:46,-149.2587,59.6268,211,39,151.24,2,5.665,5.6644,3.2242,3.2244,0.0122,2.4984,1.8759,2.1831,4.5539,0.1319,3.0362,-0.0424,0.1154,97.1551,0.0,211.185,214.937,68.685,69.906,60.72,19.6842,32.8594,32.8622,25.9019,25.9042
SKQ202006S,GAK2I,B,2020-05-10T17:53:13,-149.2587,59.6268,211,39,125.96,3,5.5426,5.5407,3.1942,3.1942,0.0136,2.3191,2.0624,2.4189,4.5649,0.1569,4.2971,-0.0089,0.1059,97.3885,0.0074,240.365,246.145,77.83,79.699,85.94,18.2301,32.6507,32.6522,25.7513,25.7527
SKQ202006S,GAK2I,B,2020-05-10T17:55:41,-149.2587,59.6268,211,39,100.59,4,5.4756,5.4747,3.1753,3.1754,0.0147,2.0708,2.2013,2.5913,4.5749,0.2708,5.0,0.0168,0.097,97.6034,0.117,261.527,267.543,84.463,86.405,100.0,16.2159,32.5138,32.5165,25.6508,25.653
SKQ202006S,GAK2I,B,2020-05-10T17:58:08,-149.2587,59.6268,211,39,76.1,5,5.9223,5.9195,3.1945,3.1945,0.0176,1.4257,2.4673,2.9166,4.5631,0.4952,5.0,0.0874,0.1074,97.3503,0.439,298.415,304.549,97.247,99.242,100.0,10.9845,32.313,32.3163,25.4392,25.4422
SKQ202006S,GAK2I,B,2020-05-10T18:00:57,-149.2587,59.6268,211,39,50.68,6,6.095,6.0941,3.2011,3.2013,0.0279,1.2739,2.5293,2.991,4.5183,1.2674,4.6774,0.3332,0.1469,96.3953,4.36,305.459,311.243,99.887,101.778,93.55,9.7534,32.2353,32.238,25.3569,25.3591
SKQ202006S,GAK2I,B,2020-05-10T18:02:44,-149.2587,59.6268,211,39,40.01,7,6.1176,6.117,3.2023,3.2024,0.0314,1.3184,2.5455,3.004,4.5279,1.5697,4.9943,0.4169,0.1383,96.6005,9.11,307.908,312.582,100.738,102.267,99.89,10.1145,32.2313,32.2338,25.351,25.353
SKQ202006S,GAK2I,B,2020-05-10T18:04:42,-149.2587,59.6268,211,39,30.86,8,6.1286,6.1279,3.2027,3.2029,0.0259,1.3029,2.5522,3.0138,4.5366,1.8509,5.0,0.2872,0.1307,96.7856,17.7,308.308,312.355,100.894,102.218,100.0,9.9888,32.2304,32.233,25.3489,25.3511
SKQ202006S,GAK2I,B,2020-05-10T18:06:45,-149.2587,59.6268,211,39,20.78,9,6.2793,6.2796,3.2146,3.2149,0.0269,1.3239,2.5541,3.0192,4.5392,2.2755,4.9965,0.3105,0.1285,96.8393,47.7,306.91,312.064,100.784,102.48,99.93,10.1589,32.2244,32.2273,25.3256,25.3278
SKQ202006S,GAK2I,B,2020-05-10T18:08:38,-149.2587,59.6268,211,39,10.55,10,6.3399,6.3393,3.2191,3.2193,0.0161,1.2773,2.5639,3.0283,4.5441,2.7761,5.0,0.0503,0.1241,96.9462,152.0,307.427,312.371,101.095,102.721,100.0,9.7812,32.2221,32.2249,25.3162,25.3185
SKQ202006S,GAK2I,B,2020-05-10T18:10:38,-149.2587,59.6268,211,39,3.25,11,6.3631,6.363,3.2208,3.221,0.0141,1.3024,2.5663,3.0281,4.5442,3.1855,5.0,0.003,0.124,96.9467,391.0,307.085,310.958,101.036,102.313,100.0,9.9839,32.2222,32.2248,25.3134,25.3154
SKQ202006S,GAK2,B,2020-05-10T19:35:21,-149.3287,59.6935,225,40,223.35,1,5.8949,5.8942,3.3072,3.3074,0.0135,3.3402,1.2541,1.4164,4.1946,0.1245,1.593,-0.0107,0.4443,89.4875,0.0,115.219,117.957,37.864,38.764,31.86,26.5111,33.5328,33.5356,26.4064,26.4086
SKQ202006S,GAK2,B,2020-05-10T19:37:23,-149.3287,59.6935,225,40,202.2,2,5.9611,5.9554,3.3044,3.3049,0.0123,3.2261,1.3405,1.5157,4.412,0.1245,1.2704,-0.0412,0.2422,94.1259,0.0,127.775,129.864,42.028,42.713,25.41,25.5862,33.4468,33.4584,26.3302,26.34
SKQ202006S,GAK2,B,2020-05-10T19:40:18,-149.3287,59.6935,225,40,150.97,3,5.5131,5.5117,3.19,3.19,0.0135,2.25,2.0825,2.4404,4.578,0.124,3.8105,-0.0125,0.0944,97.6677,0.0,244.833,248.846,79.203,80.5,76.21,17.6693,32.6195,32.6216,25.7301,25.7319
SKQ202006S,GAK2,B,2020-05-10T19:42:26,-149.3287,59.6935,225,40,126.57,4,5.2681,5.2669,3.1389,3.1391,0.0122,2.01,2.2225,2.6223,4.5698,0.1237,4.9919,-0.043,0.1016,97.4928,0.0,267.173,274.285,85.72,88.002,99.84,15.723,32.2887,32.2913,25.4964,25.4986
SKQ202006S,GAK2,B,2020-05-10T19:44:38,-149.3287,59.6935,225,40,101.14,5,5.1265,5.134,3.1136,3.1145,0.0245,1.7957,2.3503,2.7742,4.5609,0.1245,5.0,0.2507,0.1094,97.303,0.0,288.375,293.873,92.117,93.892,100.0,13.9855,32.1486,32.1518,25.4013,25.403
SKQ202006S,GAK2,B,2020-05-10T19:46:56,-149.3287,59.6935,225,40,76.08,6,6.2169,6.217,3.1972,3.1974,0.2334,1.031,2.6237,3.092,4.1421,0.1342,4.4009,5.2659,0.4947,88.3666,0.0,320.418,323.926,104.943,106.094,88.02,7.7836,32.0635,32.0658,25.2064,25.2082
SKQ202006S,GAK2,B,2020-05-10T19:49:14,-149.3287,59.6935,225,40,50.68,7,6.3377,6.3374,3.2038,3.204,0.2003,0.8777,2.6676,3.144,4.1362,0.5118,4.7858,4.4711,0.5005,88.2401,0.47,325.042,329.988,106.735,108.36,95.71,6.5402,32.0356,32.0382,25.1694,25.1715
SKQ202006S,GAK2,B,2020-05-10T19:50:50,-149.3287,59.6935,225,40,40.61,8,6.2468,6.2467,3.1932,3.1935,0.1823,0.9694,2.6581,3.1342,4.1803,1.0727,4.8397,4.0399,0.4579,89.1823,2.66,324.551,327.766,106.327,107.382,96.79,7.2838,32.0083,32.0113,25.1591,25.1615
SKQ202006S,GAK2,B,2020-05-10T19:52:43,-149.3287,59.6935,225,40,29.99,9,6.2511,6.2512,3.1924,3.1927,0.203,0.9708,2.6744,3.1474,4.156,1.8265,5.0,4.5356,0.4813,88.6644,16.7,326.267,328.718,106.893,107.699,100.0,7.2952,32.0001,32.003,25.1521,25.1544
SKQ202006S,GAK2,B,2020-05-10T19:54:29,-149.3287,59.6935,225,40,19.89,10,6.1652,6.1648,3.1799,3.18,0.1288,1.0338,2.6742,3.1595,4.365,2.554,4.7873,2.7564,0.285,93.1236,91.0,327.066,331.328,106.899,108.293,95.75,7.8064,31.9465,31.949,25.1204,25.1225
SKQ202006S,GAK2,B,2020-05-10T19:56:33,-149.3287,59.6935,225,40,10.06,11,6.1207,6.1203,3.1733,3.1736,0.0554,1.0694,2.6527,3.1162,4.4547,3.1067,4.9638,0.9929,0.2035,95.0383,326.0,323.335,325.53,105.549,106.267,99.28,8.0946,31.9203,31.9236,25.1051,25.1078
SKQ202006S,GAK2,B,2020-05-10T19:58:42,-149.3287,59.6935,225,40,3.19,12,6.2777,6.2811,3.1846,3.1851,0.0192,1.1315,2.6228,3.0946,4.531,3.563,4.8901,0.1239,0.1357,96.6659,938.0,316.968,320.909,103.835,105.137,97.8,8.5982,31.901,31.904,25.0707,25.0726
SKQ202006S,GAK1,B,2020-05-10T22:10:51,-149.4678,59.8445,270,42,267.53,1,5.8892,5.8884,3.3094,3.3096,0.0137,3.2843,1.2136,1.355,3.6801,0.1258,0.2159,-0.0059,0.9679,78.5078,0.0,109.525,110.242,35.99,36.226,4.32,26.0574,33.5413,33.5442,26.4138,26.4162
SKQ202006S,GAK1,B,2020-05-10T22:12:47,-149.4678,59.8445,270,42,252.66,2,5.8938,5.8933,3.3076,3.3078,0.013,3.3027,1.2632,1.4222,4.1922,0.1249,0.9608,-0.0227,0.4466,89.436,0.0,117.211,119.914,38.515,39.404,19.21,26.2066,33.5247,33.5274,26.4001,26.4022
SKQ202006S,GAK1,B,2020-05-10T22:15:31,-149.4678,59.8445,270,42,201.62,3,5.9951,5.9947,3.3023,3.3025,0.013,3.2537,1.389,1.5744,4.4116,0.1251,3.4874,-0.0245,0.2425,94.1184,0.0,135.391,137.049,44.55,45.096,69.75,25.8093,33.3898,33.3923,26.2809,26.283
SKQ202006S,GAK1,B,2020-05-10T22:19:04,-149.4678,59.8445,270,42,151.17,4,5.8697,5.8693,3.2429,3.243,0.0117,2.7023,1.764,2.0335,4.5069,0.1319,5.0,-0.0562,0.157,96.1507,0.0,193.215,195.856,63.147,64.011,100.0,21.3377,32.8698,32.8718,25.8855,25.8872
SKQ202006S,GAK1,B,2020-05-10T22:21:21,-149.4678,59.8445,270,42,125.72,5,5.2605,5.2595,3.136,3.1361,0.0122,2.0116,2.2657,2.6575,4.513,0.1709,4.3237,-0.0424,0.1516,96.282,0.0195,275.156,279.071,88.249,89.504,86.47,15.7358,32.2625,32.2652,25.4765,25.4787
SKQ202006S,GAK1,B,2020-05-10T22:23:39,-149.4678,59.8445,270,42,100.39,6,5.047,5.048,3.1021,3.1024,0.0125,2.0762,2.2562,2.6393,4.5047,0.3572,4.8084,-0.0352,0.1589,96.1039,0.222,274.096,277.588,87.354,88.471,96.17,16.2596,32.0935,32.0967,25.3664,25.3688
SKQ202006S,GAK1,B,2020-05-10T22:26:27,-149.4678,59.8445,270,42,75.5,7,5.1814,5.1799,3.0998,3.1,0.0135,1.3868,2.5398,2.991,4.5488,0.8638,5.0,-0.0119,0.12,97.0467,1.51,317.049,320.019,101.259,102.206,100.0,10.6692,31.9513,31.9544,25.239,25.2417
SKQ202006S,GAK1,B,2020-05-10T22:28:55,-149.4678,59.8445,270,42,51.0,8,4.9248,4.9236,3.064,3.0642,0.0156,1.3882,2.476,2.9148,4.5612,1.4812,5.0,0.0366,0.1091,97.3099,7.36,308.055,312.017,97.677,98.932,100.0,10.6803,31.7992,31.8021,25.1465,25.149
SKQ202006S,GAK1,B,2020-05-10T22:31:22,-149.4678,59.8445,270,42,39.59,9,5.5625,5.5621,3.1171,3.1173,0.0242,1.1879,2.5938,3.0512,4.5409,1.8448,4.973,0.2459,0.1269,96.8765,17.5,320.198,324.179,103.076,104.359,99.46,9.0557,31.8023,31.8046,25.0781,25.0799
SKQ202006S,GAK1,B,2020-05-10T22:33:14,-149.4678,59.8445,270,42,30.58,10,5.995,5.9897,3.148,3.1479,0.0159,1.0769,2.6183,3.0935,4.5662,2.0936,4.8002,0.0462,0.1046,97.4183,31.3,320.396,325.013,104.149,105.641,96.0,8.1556,31.7463,31.7505,24.983,24.9869
SKQ202006S,GAK1,B,2020-05-10T22:35:05,-149.4678,59.8445,270,42,20.11,11,6.4956,6.4912,3.1792,3.1792,0.0147,0.8989,2.6506,3.1288,4.5699,2.407,5.0,0.0162,0.1014,97.4965,64.7,320.973,324.885,105.469,106.747,100.0,6.7119,31.6309,31.6348,24.8305,24.8342
SKQ202006S,GAK1,B,2020-05-10T22:37:23,-149.4678,59.8445,270,42,10.02,12,6.6851,6.6831,3.1785,3.1787,0.0169,0.8766,2.6869,3.1785,4.4414,3.1568,5.0,0.0683,0.2155,94.7538,370.0,325.17,330.882,107.178,109.058,100.0,6.5313,31.4535,31.4566,24.6668,24.6695
SKQ202006S,GAK1,B,2020-05-10T22:39:24,-149.4678,59.8445,270,42,2.85,13,7.4712,7.456,3.2314,3.2305,0.0114,0.854,2.7124,3.1889,4.5474,3.5653,4.7663,-0.0633,0.1212,97.0153,945.0,322.471,325.428,108.111,109.067,95.33,6.3482,31.314,31.3176,24.4537,24.4586
