Cruise,Station,Type,Date_Time_[UTC],Longitude_[decimal_degrees_east],Latitude_[decimal_degrees_north],Bot. Depth [m],Cast_Number,Bottle_Number,Pressure_[dbar],Depth_[m],Temperature_[C],Salinity_[psu],Density_[kg/m3],N+N_[uM],N+N_flag,Silicate_[uM],Silicate_flag,Phosphate_[uM],Phosphate_flag,Notes
SKQ201915S,RES2.5,B,2019-06-29T18:11:55,-149.3577,60.0247,293,1,1,291.46,288.50813,6.3137,33.1835,1027.38436,25.42435,1,45.208,1,2.053,1,
SKQ201915S,RES2.5,B,2019-06-29T18:17:13,-149.3577,60.0247,293,1,2,252.68,250.14433,6.3334,33.149,1027.17561,25.9309,1,45.849,1,2.05,1,
SKQ201915S,RES2.5,B,2019-06-29T18:22:44,-149.3577,60.0247,293,1,3,201.99,199.98752,6.3717,33.0912,1026.89034,25.6356,1,45.505,1,2.077,1,
SKQ201915S,RES2.5,B,2019-06-29T18:26:51,-149.3577,60.0247,293,1,4,151.48,149.9966,6.4971,32.7117,1026.34086,22.6769,1,39.935,1,1.889,1,
SKQ201915S,RES2.5,B,2019-06-29T18:29:19,-149.3577,60.0247,293,1,5,126.19,124.96191,6.4586,32.4689,1026.03725,19.3788,1,32.2565,1,1.6365,1,
SKQ201915S,RES2.5,B,2019-06-29T18:31:45,-149.3577,60.0247,293,1,6,100.9,99.92416,6.422,32.2919,1025.78519,17.0103,1,27.303,1,1.484,1,
SKQ201915S,RES2.5,B,2019-06-29T18:34:06,-149.3577,60.0247,293,1,7,75.49,74.76451,6.5098,32.0859,1025.49387,16.2226,1,25.203,1,1.408,1,
SKQ201915S,RES2.5,B,2019-06-29T18:36:17,-149.3577,60.0247,293,1,8,50.2,49.72061,6.7732,31.5798,1024.94432,14.1726,1,20.396,1,1.256,1,
SKQ201915S,RES2.5,B,2019-06-29T18:37:50,-149.3577,60.0247,293,1,9,40.36,39.97553,7.0888,31.4428,1024.74964,11.1177,1,16.718,1,1.157,1,
SKQ201915S,RES2.5,B,2019-06-29T18:39:25,-149.3577,60.0247,293,1,10,30.06,29.77439,7.1219,31.2846,1024.57281,8.1283,1,12.6695,1,1.0485,1,
SKQ201915S,RES2.5,B,2019-06-29T18:40:57,-149.3577,60.0247,293,1,11,20.13,19.93922,8.4474,31.0194,1024.13512,2.4642,1,6.436,1,0.673,1,
SKQ201915S,RES2.5,B,2019-06-29T18:42:26,-149.3577,60.0247,293,1,12,10.01,9.91538,9.1523,30.8786,1023.87319,0.6212,1,7.405,1,0.451,1,
SKQ201915S,RES2.5,B,2019-06-29T18:45:55,-149.3577,60.0247,293,1,13,3.24,3.20943,15.7588,23.4,1016.87127,0.0151,1,10.205,1,0.03,1,
SKQ201915S,GAK1,B,2019-06-29T21:01:21,-149.4658,59.8452,270,2,2,268.39,265.69041,6.1568,33.4093,1027.47658,28.283,1,54.446,1,2.243,1,
SKQ201915S,GAK1,B,2019-06-29T21:03:08,-149.4658,59.8452,270,2,3,252.15,249.62355,6.1661,33.3712,1027.37028,27.6247,1,51.815,1,2.17,1,
SKQ201915S,GAK1,B,2019-06-29T21:06:23,-149.4658,59.8452,270,2,4,201.75,199.75289,6.2611,33.2443,1027.02444,26.9252,1,47.124,1,2.084,1,
SKQ201915S,GAK1,B,2019-06-29T21:08:51,-149.4658,59.8452,270,2,5,150.9,149.42464,6.4729,32.7904,1026.40336,21.52775,1,36.4925,1,1.6855,1,
SKQ201915S,GAK1,B,2019-06-29T21:11:17,-149.4658,59.8452,270,2,6,126.22,124.99341,6.5748,32.5378,1026.07655,17.2293,1,26.76,1,1.476,1,
SKQ201915S,GAK1,B,2019-06-29T21:13:43,-149.4658,59.8452,270,2,7,100.88,99.90579,6.4446,32.2761,1025.76975,16.9993,1,26.774,1,1.453,1,
SKQ201915S,GAK1,B,2019-06-29T21:15:19,-149.4658,59.8452,270,2,8,75.3,74.57745,6.6581,32.0262,1025.42687,13.8719,1,23.281,1,1.283,1,
SKQ201915S,GAK1,B,2019-06-29T21:17:19,-149.4658,59.8452,270,2,10,50.2,49.72132,8.1364,31.8787,1024.99229,11.80005,1,19.4065,1,1.1335,1,
SKQ201915S,GAK1,B,2019-06-29T21:19:03,-149.4658,59.8452,270,2,12,39.86,39.48091,8.1153,31.7358,1024.83561,9.7518,1,17.409,1,1.04,1,
SKQ201915S,GAK1,B,2019-06-29T21:20:40,-149.4658,59.8452,270,2,14,30.12,29.83425,8.0133,31.4128,1024.55166,7.7716,1,14.176,1,0.999,1,
SKQ201915S,GAK1,B,2019-06-29T21:22:36,-149.4658,59.8452,270,2,16,19.96,19.77113,9.5924,31.2452,1024.13674,2.3334,1,8.333,1,0.593,1,
SKQ201915S,GAK1,B,2019-06-29T21:24:23,-149.4658,59.8452,270,2,18,9.79,9.6976,10.8361,30.8665,1023.59047,0.0493,1,5.433,1,0.263,1,
SKQ201915S,GAK1,B,2019-06-29T21:26:34,-149.4658,59.8452,270,2,23,3.22,3.18966,15.0725,25.8374,1018.88142,0.0145,1,10.957,1,0.032,1,
SKQ201915S,PWS2,B,2019-06-30T18:23:53,-147.804,60.5348,738,3,1,731.68,723.47364,6.1907,33.2172,1029.44378,27.6335,1,50.3965,1,2.2435,1,
SKQ201915S,PWS2,B,2019-06-30T18:31:19,-147.804,60.5348,738,3,2,505.12,499.72646,6.28,33.2129,1028.39311,25.8962,1,44.935,1,2.101,1,
SKQ201915S,PWS2,B,2019-06-30T18:39:00,-147.804,60.5348,738,3,9,252.3,249.75824,6.4044,32.9357,1026.99608,23.0847,1,38.783,1,1.908,1,
SKQ201915S,PWS2,B,2019-06-30T18:42:08,-147.804,60.5348,738,3,11,201.96,199.94972,6.4092,32.8192,1026.67067,23.4947,1,39.047,1,1.933,1,
SKQ201915S,PWS2,B,2019-06-30T18:45:22,-147.804,60.5348,738,3,12,151.42,149.93113,6.4612,32.6068,1026.26245,21.648,1,36.381,1,1.815,1,
SKQ201915S,PWS2,B,2019-06-30T18:48:26,-147.804,60.5348,738,3,13,126.16,124.92714,6.4957,32.4451,1026.01344,20.9585,1,33.505,1,1.751,1,
SKQ201915S,PWS2,B,2019-06-30T18:51:59,-147.804,60.5348,738,3,15,100.92,99.93991,6.4245,32.2536,1025.75482,18.83215,1,31.0515,1,1.6345,1,
SKQ201915S,PWS2,B,2019-06-30T18:54:33,-147.804,60.5348,738,3,16,75.55,74.82089,6.3641,31.9723,1025.42327,17.0679,1,27.34,1,1.507,1,
SKQ201915S,PWS2,B,2019-06-30T18:58:42,-147.804,60.5348,738,3,18,40.49,40.10265,6.6804,31.4665,1024.82203,12.6035,1,16.696,1,1.202,1,
SKQ201915S,PWS2,B,2019-06-30T19:00:59,-147.804,60.5348,738,3,19,30.21,29.92174,7.1794,31.1492,1024.45965,8.7853,1,13.081,1,0.975,1,
SKQ201915S,PWS2,B,2019-06-30T19:04:49,-147.804,60.5348,738,3,21,10.02,9.92488,11.58,30.1246,1022.88602,0.0408,1,4.234,1,0.184,1,
SKQ201915S,PWS2,B,2019-06-30T19:08:11,-147.804,60.5348,738,3,23,3.13,3.10034,14.5937,29.2082,1021.57138,0.02355,1,3.5395,1,0.0855,1,
SKQ201915S,PWS2,B,2019-06-30T20:55:47,-147.8043,60.5347,735,4,2,49.94,49.46112,6.565,31.5715,1024.96336,12.96225,1,18.008,1,1.2005,1,
SKQ201915S,PWS2,B,2019-06-30T21:03:58,-147.8043,60.5347,735,4,7,20.24,20.04736,7.9848,30.952,1024.14909,0.6103,1,4.901,1,0.391,1,
SKQ201915S,MID1,B,2019-07-01T18:41:28,-145.5017,60.249,20,5,1,16.43,16.27414,8.2403,31.8293,1024.78326,7.1447,1,15.661,1,0.9585,1,
SKQ201915S,MID1,B,2019-07-01T18:45:14,-145.5017,60.249,20,5,3,10.03,9.93501,10.5158,31.164,1023.87773,1.6057,1,10.216,1,0.454,1,
SKQ201915S,MID1,B,2019-07-01T18:46:46,-145.5017,60.249,20,5,4,5.37,5.3192,16.4079,19.8263,1014.01309,0.6919,1,17.047,1,0.111,1,
SKQ201915S,MID1,B,2019-07-01T18:48:46,-145.5017,60.249,20,5,5,3.67,3.6353,15.1592,10.9675,1007.46862,2.00005,2,21.188,2,0.1135,2,
SKQ201915S,MID2,B,2019-07-01T23:37:27,-145.6498,60.0993,119,8,2,115.92,114.79403,6.5928,32.4773,1025.97869,18.14765,1,28.0015,1,1.564,1,
SKQ201915S,MID2,B,2019-07-01T23:40:35,-145.6498,60.0993,119,8,3,101.01,100.03247,6.5992,32.3783,1025.83087,17.6899,1,25.344,1,1.557,1,
SKQ201915S,MID2,B,2019-07-01T23:43:59,-145.6498,60.0993,119,8,4,75.3,74.57593,6.6257,32.2417,1025.60093,16.5685,1,22.126,1,1.448,1,
SKQ201915S,MID2,B,2019-07-01T23:46:34,-145.6498,60.0993,119,8,5,50.49,50.00751,7.189,32.0456,1025.25758,14.35155,1,18.9385,1,1.267,1,
SKQ201915S,MID2,B,2019-07-01T23:48:13,-145.6498,60.0993,119,8,6,39.84,39.4603,7.8785,31.8892,1024.99,9.1477,1,14.975,1,1.043,1,
SKQ201915S,MID2,B,2019-07-01T23:49:58,-145.6498,60.0993,119,8,8,30.1,29.81383,8.839,31.7051,1024.65969,4.3382,1,13.016,1,0.802,1,
SKQ201915S,MID2,B,2019-07-01T23:51:46,-145.6498,60.0993,119,8,9,20.0,19.81034,10.8026,31.1386,1023.85473,1.0773,1,10.324,1,0.54,1,
SKQ201915S,MID2,B,2019-07-01T23:54:36,-145.6498,60.0993,119,8,11,9.54,9.44977,11.7395,30.4261,1023.0897,0.0535,1,7.415,1,0.266,1,
SKQ201915S,MID2,B,2019-07-01T23:56:50,-145.6498,60.0993,119,8,14,4.45,4.40797,15.0933,27.8591,1020.43671,0.04505,1,7.925,1,0.106,1,
SKQ201915S,MID3,B,2019-07-02T02:10:58,-145.8012,59.9508,87,10,1,83.94,83.1321,6.6638,32.2054,1025.60731,17.6169,1,24.5465,1,1.492,1,
SKQ201915S,MID3,B,2019-07-02T02:12:54,-145.8012,59.9508,87,10,3,75.71,74.9828,6.6611,32.2061,1025.57019,17.7042,1,24.614,1,1.513,1,
SKQ201915S,MID3,B,2019-07-02T02:15:23,-145.8012,59.9508,87,10,4,50.73,50.24578,6.7603,32.0657,1025.33131,15.2141,1,19.574,1,1.307,1,
SKQ201915S,MID3,B,2019-07-02T02:17:08,-145.8012,59.9508,87,10,5,40.09,39.70837,7.1936,32.0028,1025.17511,13.77165,1,18.154,1,1.225,1,
SKQ201915S,MID3,B,2019-07-02T02:18:57,-145.8012,59.9508,87,10,7,30.41,30.12122,8.7854,32.001,1024.90083,7.1616,1,16.417,1,0.949,1,
SKQ201915S,MID3,B,2019-07-02T02:21:03,-145.8012,59.9508,87,10,9,20.27,20.07801,10.7909,31.5924,1024.21108,2.2912,1,13.106,1,0.549,1,
SKQ201915S,MID3,B,2019-07-02T02:22:49,-145.8012,59.9508,87,10,10,9.91,9.81638,12.1362,31.221,1023.63587,0.0956,1,10.4765,1,0.3005,1,
SKQ201915S,MID3,B,2019-07-02T02:24:50,-145.8012,59.9508,87,10,12,3.84,3.80378,14.5999,29.3461,1021.67972,0.0798,1,9.437,1,0.2,1,
SKQ201915S,MID4,B,2019-07-02T05:18:26,-145.9532,59.8045,94,12,2,91.81,90.92568,6.6004,32.2952,1025.72269,18.3132,1,26.5945,1,1.612,1,
SKQ201915S,MID4,B,2019-07-02T05:20:54,-145.9532,59.8045,94,12,3,75.98,75.25104,6.6085,32.2231,1025.59164,17.8422,1,24.267,1,1.534,1,
SKQ201915S,MID4,B,2019-07-02T05:23:49,-145.9532,59.8045,94,12,4,50.5,50.01859,6.8239,32.1184,1025.36342,15.6437,1,20.372,1,1.383,1,
SKQ201915S,MID4,B,2019-07-02T05:25:43,-145.9532,59.8045,94,12,5,40.49,40.10499,7.5226,32.0716,1025.1861,12.75,1,18.4635,1,1.1975,1,
SKQ201915S,MID4,B,2019-07-02T05:27:57,-145.9532,59.8045,94,12,7,30.24,29.9532,9.3147,32.0327,1024.84295,6.302,1,16.268,1,0.897,1,
SKQ201915S,MID4,B,2019-07-02T05:30:17,-145.9532,59.8045,94,12,9,20.34,20.14758,10.4152,31.9078,1024.52093,2.6105,1,13.795,1,0.635,1,
SKQ201915S,MID4,B,2019-07-02T05:31:59,-145.9532,59.8045,94,12,10,10.01,9.91555,13.0458,31.0812,1023.35617,0.1215,1,11.525,1,0.338,1,
SKQ201915S,MID4,B,2019-07-02T05:33:35,-145.9532,59.8045,94,12,12,3.73,3.69486,11.8204,31.5524,1023.92284,0.1036,1,11.209,1,0.311,1,
SKQ201915S,MID5,B,2019-07-02T20:46:48,-146.0987,59.6502,96,14,2,92.66,91.76844,6.6388,32.3803,1025.78865,17.7033,1,25.2905,1,1.5285,1,
SKQ201915S,MID5,B,2019-07-02T20:48:59,-146.0987,59.6502,96,14,3,75.66,74.9351,6.6352,32.3507,1025.68721,17.8167,1,26.224,1,1.538,1,
SKQ201915S,MID5,B,2019-07-02T20:51:52,-146.0987,59.6502,96,14,4,50.15,49.67259,6.6531,32.177,1025.43016,17.4872,1,24.986,1,1.504,1,
SKQ201915S,MID5,B,2019-07-02T20:53:30,-146.0987,59.6502,96,14,5,39.86,39.48153,6.9157,32.1357,1025.3156,15.9125,1,22.6575,1,1.4045,1,
SKQ201915S,MID5,B,2019-07-02T20:55:28,-146.0987,59.6502,96,14,7,29.91,29.62672,7.2202,32.0905,1025.19321,14.3054,1,20.565,1,1.285,1,
SKQ201915S,MID5,B,2019-07-02T20:57:19,-146.0987,59.6502,96,14,9,19.86,19.67238,9.2697,32.0655,1024.82829,8.022,1,17.486,1,0.926,1,
SKQ201915S,MID5,B,2019-07-02T20:59:21,-146.0987,59.6502,96,14,10,9.76,9.66804,11.7241,31.7682,1024.13514,0.808,1,13.4735,1,0.4185,1,
SKQ201915S,MID5,B,2019-07-02T21:01:51,-146.0987,59.6502,96,14,13,3.95,3.91284,13.7408,30.8955,1023.04877,0.0441,1,11.182,1,0.268,1,
SKQ201915S,MID6,B,2019-07-02T23:21:53,-146.249,59.5017,43,15,2,37.1,36.74842,8.7836,32.0905,1025.00195,9.42705,1,17.398,1,0.9775,1,
SKQ201915S,MID6,B,2019-07-02T23:23:30,-146.249,59.5017,43,15,3,30.54,30.25107,8.822,32.0851,1024.96164,9.2219,1,17.218,1,0.976,1,
SKQ201915S,MID6,B,2019-07-02T23:25:40,-146.249,59.5017,43,15,5,20.06,19.87072,9.2183,32.0376,1024.81542,8.20775,1,16.666,1,0.9025,1,
SKQ201915S,MID6,B,2019-07-02T23:27:40,-146.249,59.5017,43,15,8,9.77,9.67806,10.347,31.9147,1024.48964,5.5214,1,14.432,1,0.713,1,
SKQ201915S,MID6,B,2019-07-02T23:30:25,-146.249,59.5017,43,15,11,4.0,3.96241,11.1116,31.8362,1024.27114,3.1362,1,13.587,1,0.551,1,
SKQ201915S,MID7,B,2019-07-03T01:19:27,-146.2998,59.3828,60,16,2,38.5,38.13539,7.2174,32.3254,1025.41817,14.11375,1,20.3095,1,1.2855,1,
SKQ201915S,MID7,B,2019-07-03T01:21:27,-146.2998,59.3828,60,16,3,30.38,30.09288,8.7608,32.0746,1024.96199,10.2525,1,17.784,1,1.022,1,
SKQ201915S,MID7,B,2019-07-03T01:23:15,-146.2998,59.3828,60,16,4,20.49,20.29684,9.7661,31.9418,1024.65537,7.3125,1,16.025,1,0.827,1,
SKQ201915S,MID7,B,2019-07-03T01:25:53,-146.2998,59.3828,60,16,7,9.85,9.7574,10.9335,31.7473,1024.2596,4.6507,1,12.872,1,0.629,1,
SKQ201915S,MID7,B,2019-07-03T01:28:35,-146.2998,59.3828,60,16,9,3.23,3.19968,11.7801,31.6299,1023.98802,3.84055,1,13.637,1,0.573,1,
SKQ201915S,MID10,B,2019-07-03T18:56:17,-146.001,58.911,4464,18,1,1518.76,1499.11224,2.4738,34.4735,1034.5094,43.3344,1,155.907,1,3.111,1,
SKQ201915S,MID10,B,2019-07-03T19:07:23,-146.001,58.911,4464,18,2,1011.68,999.79455,3.2429,34.3181,1031.97553,43.2911,1,132.579,1,3.154,1,
SKQ201915S,MID10,B,2019-07-03T19:13:53,-146.001,58.911,4464,18,3,758.43,749.9735,3.8028,34.1769,1030.63367,42.4365,1,113.202,1,3.105,1,
SKQ201915S,MID10,B,2019-07-03T19:20:39,-146.001,58.911,4464,18,4,505.0,499.67314,4.3649,34.0006,1029.25922,41.0757,1,89.321,1,2.956,1,
SKQ201915S,MID10,B,2019-07-03T19:27:23,-146.001,58.911,4464,18,5,252.19,249.68202,6.0316,33.8156,1027.73789,32.70405,1,54.5515,1,2.368,1,
SKQ201915S,MID10,B,2019-07-03T19:30:21,-146.001,58.911,4464,18,6,201.74,199.7581,6.7199,33.7029,1027.32392,30.9627,1,49.316,1,2.279,1,
SKQ201915S,MID10,B,2019-07-03T19:33:46,-146.001,58.911,4464,18,7,150.88,149.41614,7.1854,33.3228,1026.72546,27.6174,1,44.299,1,2.111,1,
SKQ201915S,MID10,B,2019-07-03T19:36:17,-146.001,58.911,4464,18,8,126.38,125.16127,7.1872,33.082,1026.42269,25.1164,1,40.043,1,1.954,1,
SKQ201915S,MID10,B,2019-07-03T19:38:59,-146.001,58.911,4464,18,9,100.7,99.73512,6.6803,32.6538,1026.03577,18.0807,1,25.637,1,1.525,1,
SKQ201915S,MID10,B,2019-07-03T19:41:26,-146.001,58.911,4464,18,10,75.36,74.64251,6.6198,32.4604,1025.77422,15.8057,1,21.845,1,1.373,1,
SKQ201915S,MID10,B,2019-07-03T19:43:51,-146.001,58.911,4464,18,11,50.25,49.77461,6.7583,32.3523,1025.55499,14.7439,1,20.527,1,1.296,1,
SKQ201915S,MID10,B,2019-07-03T19:45:33,-146.001,58.911,4464,18,12,40.36,39.97913,6.9148,32.3249,1025.46697,14.229,1,20.434,1,1.27,1,
SKQ201915S,MID10,B,2019-07-03T19:47:10,-146.001,58.911,4464,18,13,30.01,29.72755,7.3429,32.289,1025.33309,12.1359,1,19.705,1,1.184,1,
SKQ201915S,MID10,B,2019-07-03T19:49:00,-146.001,58.911,4464,18,15,20.05,19.86177,9.0722,32.2116,1024.9742,7.6498,1,14.572,1,0.891,1,
SKQ201915S,MID10,B,2019-07-03T19:50:45,-146.001,58.911,4464,18,17,10.04,9.94599,13.0855,31.4482,1023.63247,0.3199,1,9.521,1,0.41,1,
SKQ201915S,MID10,B,2019-07-03T19:52:28,-146.001,58.911,4464,18,19,4.29,4.24989,13.7178,31.6297,1023.62189,0.1054,1,10.483,1,0.385,1,
SKQ201915S,MID9,B,2019-07-04T00:14:02,-146.1002,59.0685,3126,19,2,1519.52,1499.84045,2.3596,34.4958,1034.5445,42.33135,1,153.8645,1,3.0175,1,
SKQ201915S,MID9,B,2019-07-04T00:24:46,-146.1002,59.0685,3126,19,4,1011.98,1000.07747,3.1356,34.3408,1032.00758,36.79,2,126.899,2,2.779,2,
SKQ201915S,MID9,B,2019-07-04T00:30:36,-146.1002,59.0685,3126,19,5,758.69,750.22049,3.6397,34.2122,1030.68203,42.9378,1,114.323,1,3.107,1,
SKQ201915S,MID9,B,2019-07-04T00:37:12,-146.1002,59.0685,3126,19,6,505.33,499.99284,4.1894,34.0502,1029.32065,41.9186,1,90.834,1,3.004,1,
SKQ201915S,MID9,B,2019-07-04T00:42:49,-146.1002,59.0685,3126,19,7,253.05,250.52973,5.6233,33.8822,1027.84699,34.3116,1,58.468,1,2.51,1,
SKQ201915S,MID9,B,2019-07-04T00:45:18,-146.1002,59.0685,3126,19,8,201.55,199.5675,6.1675,33.8189,1027.48853,31.9185,1,52.273,1,2.305,1,
SKQ201915S,MID9,B,2019-07-04T00:47:42,-146.1002,59.0685,3126,19,9,151.11,149.64191,6.7389,33.5633,1026.97733,29.2636,1,43.485,1,2.157,1,
SKQ201915S,MID9,B,2019-07-04T00:49:35,-146.1002,59.0685,3126,19,10,126.06,124.84285,6.9342,33.2409,1026.58106,26.34595,1,39.1445,1,1.982,1,
SKQ201915S,MID9,B,2019-07-04T00:51:30,-146.1002,59.0685,3126,19,11,100.63,99.66453,6.5646,32.6948,1026.08293,16.9238,1,24.739,1,1.493,1,
SKQ201915S,MID9,B,2019-07-04T00:53:29,-146.1002,59.0685,3126,19,12,75.44,74.72077,6.5041,32.4369,1025.77106,11.9314,1,16.817,1,1.16,1,
SKQ201915S,MID9,B,2019-07-04T00:55:31,-146.1002,59.0685,3126,19,13,50.45,49.97205,6.8258,32.3574,1025.55107,13.8051,1,19.967,1,1.257,1,
SKQ201915S,MID9,B,2019-07-04T00:57:02,-146.1002,59.0685,3126,19,14,40.01,39.63196,7.1228,32.3236,1025.43655,13.2919,1,19.898,1,1.222,1,
SKQ201915S,MID9,B,2019-07-04T00:58:37,-146.1002,59.0685,3126,19,15,29.74,29.45973,8.2309,32.2699,1025.19108,8.0976,1,17.58,1,0.9155,1,
SKQ201915S,MID9,B,2019-07-04T01:00:31,-146.1002,59.0685,3126,19,17,20.24,20.04972,10.1973,32.2101,1024.79262,2.9958,1,14.13,1,0.6,1,
SKQ201915S,MID9,B,2019-07-04T01:02:07,-146.1002,59.0685,3126,19,18,9.77,9.6784,13.3973,32.1304,1024.09746,0.7124,1,12.026,1,0.439,1,
SKQ201915S,MID9,B,2019-07-04T01:04:25,-146.1002,59.0685,3126,19,21,4.07,4.0319,13.5857,32.1303,1024.03415,0.0498,1,12.554,1,0.401,1,
SKQ201915S,MID8,B,2019-07-04T03:04:43,-146.203,59.2252,620,20,2,612.18,605.55105,3.779,34.1765,1029.96191,41.8979,1,111.13,1,3.073,1,
SKQ201915S,MID8,B,2019-07-04T03:08:15,-146.203,59.2252,620,20,3,505.3,499.95682,4.1235,34.0783,1029.35043,39.4644,1,86.371,1,2.96,1,
SKQ201915S,MID8,B,2019-07-04T03:13:49,-146.203,59.2252,620,20,4,252.51,249.99224,4.9475,33.7954,1027.85878,35.8173,1,67.353,1,2.625,1,
SKQ201915S,MID8,B,2019-07-04T03:16:01,-146.203,59.2252,620,20,5,201.5,199.51547,5.41,33.6957,1027.48719,33.1929,1,58.758,1,2.423,1,
SKQ201915S,MID8,B,2019-07-04T03:18:05,-146.203,59.2252,620,20,6,151.03,149.56081,6.3862,33.4896,1026.96611,28.9437,1,46.054,1,2.145,1,
SKQ201915S,MID8,B,2019-07-04T03:19:42,-146.203,59.2252,620,20,7,125.52,124.30664,6.4318,33.0584,1026.50202,23.9799,1,36.023,1,1.857,1,
SKQ201915S,MID8,B,2019-07-04T03:21:29,-146.203,59.2252,620,20,8,101.08,100.10883,6.5301,32.6732,1026.07249,19.2863,1,28.8565,1,1.585,1,
SKQ201915S,MID8,B,2019-07-04T03:23:16,-146.203,59.2252,620,20,9,75.45,74.72972,6.4869,32.4447,1025.77947,13.9356,1,18.762,1,1.266,1,
SKQ201915S,MID8,B,2019-07-04T03:25:06,-146.203,59.2252,620,20,10,50.7,50.21901,6.8457,32.3701,1025.5596,13.85465,1,19.2175,1,1.2615,1,
SKQ201915S,MID8,B,2019-07-04T03:26:25,-146.203,59.2252,620,20,11,40.68,40.29505,7.0369,32.3237,1025.45126,13.2669,1,19.633,1,1.231,1,
SKQ201915S,MID8,B,2019-07-04T03:27:45,-146.203,59.2252,620,20,12,29.77,29.48907,8.167,32.2494,1025.18447,10.5514,1,17.706,1,1.07,1,
SKQ201915S,MID8,B,2019-07-04T03:29:09,-146.203,59.2252,620,20,14,20.24,20.04947,10.5859,32.1843,1024.70684,1.7988,1,12.571,1,0.523,1,
SKQ201915S,MID8,B,2019-07-04T03:30:32,-146.203,59.2252,620,20,16,9.96,9.86649,14.9244,31.4753,1023.27889,0.1142,1,12.268,1,0.337,1,
SKQ201915S,MID8,B,2019-07-04T03:32:08,-146.203,59.2252,620,20,18,4.12,4.08138,15.3896,31.1942,1022.93681,0.0584,1,12.074,1,0.2835,1,
SKQ201915S,GAK15,B,2019-07-09T23:08:55,-147.5025,57.7915,4400,36,1,1519.97,1500.44087,2.2207,34.5195,1034.58219,41.818,1,155.3755,1,2.967,1,
SKQ201915S,GAK15,B,2019-07-09T23:19:35,-147.5025,57.7915,4400,36,3,1012.39,1000.58693,2.8698,34.3904,1032.07975,44.1946,1,135.653,1,3.121,1,
SKQ201915S,GAK15,B,2019-07-09T23:26:03,-147.5025,57.7915,4400,36,4,758.18,749.79599,3.2551,34.3192,1030.80875,43.2363,1,129.758,1,3.128,1,
SKQ201915S,GAK15,B,2019-07-09T23:32:27,-147.5025,57.7915,4400,36,5,504.8,499.52163,3.7394,34.2018,1029.48994,42.0673,1,105.3,1,3.046,1,
SKQ201915S,GAK15,B,2019-07-09T23:39:18,-147.5025,57.7915,4400,36,7,252.77,250.27902,5.4716,33.876,1027.86018,35.7975,1,60.015,1,2.56,1,
SKQ201915S,GAK15,B,2019-07-09T23:41:44,-147.5025,57.7915,4400,36,9,200.95,198.99462,6.0586,33.684,1027.39397,30.9839,1,46.7555,1,2.26,1,
SKQ201915S,GAK15,B,2019-07-09T23:44:05,-147.5025,57.7915,4400,36,11,151.5,150.04376,6.2509,33.1871,1026.7478,25.7759,1,36.575,1,1.926,1,
SKQ201915S,GAK15,B,2019-07-09T23:46:02,-147.5025,57.7915,4400,36,13,125.9,124.69757,6.3193,32.883,1026.38029,20.7651,1,28.426,1,1.66,1,
SKQ201915S,GAK15,B,2019-07-09T23:49:16,-147.5025,57.7915,4400,36,15,101.04,100.08103,6.2155,32.6514,1026.09556,16.77945,1,22.9925,1,1.4425,1,
SKQ201915S,GAK15,B,2019-07-09T23:51:19,-147.5025,57.7915,4400,36,16,75.96,75.24364,6.6331,32.4222,1025.74511,13.127,1,17.562,1,1.208,1,
SKQ201915S,GAK15,B,2019-07-09T23:53:32,-147.5025,57.7915,4400,36,18,49.69,49.22452,7.5515,32.3552,1025.44716,10.4882,1,16.64,1,1.117,1,
SKQ201915S,GAK15,B,2019-07-09T23:55:17,-147.5025,57.7915,4400,36,19,39.79,39.41821,8.2139,32.3318,1025.28831,8.9224,1,16.187,1,0.99,1,
SKQ201915S,GAK15,B,2019-07-09T23:56:52,-147.5025,57.7915,4400,36,21,30.2,29.91851,8.9014,32.316,1025.12848,7.8628,1,15.9,1,0.904,1,
SKQ201915S,GAK15,B,2019-07-09T23:58:21,-147.5025,57.7915,4400,36,22,20.1,19.91314,12.9933,32.257,1024.32133,4.6729,1,14.389,1,0.68,1,
SKQ201915S,GAK15,B,2019-07-09T23:59:53,-147.5025,57.7915,4400,36,23,10.06,9.96672,14.219,32.2707,1024.0402,0.7049,1,9.3,1,0.402,1,
SKQ201915S,GAK15,B,2019-07-10T00:01:41,-147.5025,57.7915,4400,36,24,4.08,4.04223,14.6618,32.2701,1023.92036,0.74385,1,10.256,1,0.402,1,
SKQ201915S,GAK14,B,2019-07-10T02:56:22,-147.6415,57.9435,3187,37,2,1519.24,1499.70387,2.2228,34.5197,1034.57878,42.1407,1,162.092,1,3.086,1,
SKQ201915S,GAK14,B,2019-07-10T03:06:51,-147.6415,57.9435,3187,37,3,1011.1,999.30241,2.8426,34.3965,1032.0818,42.5498,1,134.653,1,3.159,1,
SKQ201915S,GAK14,B,2019-07-10T03:13:33,-147.6415,57.9435,3187,37,4,757.6,749.21397,3.2155,34.328,1030.81753,43.2698,1,134.113,1,3.194,1,
SKQ201915S,GAK14,B,2019-07-10T03:19:20,-147.6415,57.9435,3187,37,5,504.97,499.68333,3.7274,34.2078,1029.49685,39.93045,1,109.592,1,3.0535,1,
SKQ201915S,GAK14,B,2019-07-10T03:24:48,-147.6415,57.9435,3187,37,6,252.12,249.63266,5.9628,33.788,1027.72512,32.8864,1,56.929,1,2.419,1,
SKQ201915S,GAK14,B,2019-07-10T03:27:06,-147.6415,57.9435,3187,37,7,201.54,199.57607,6.2625,33.4805,1027.20961,28.1429,1,44.036,1,2.138,1,
SKQ201915S,GAK14,B,2019-07-10T03:29:13,-147.6415,57.9435,3187,37,8,151.18,149.72506,6.2627,32.8717,1026.49614,20.8993,1,30.892,1,1.693,1,
SKQ201915S,GAK14,B,2019-07-10T03:30:42,-147.6415,57.9435,3187,37,9,126.22,125.01283,6.215,32.6347,1026.19938,17.3234,1,24.859,1,1.472,1,
SKQ201915S,GAK14,B,2019-07-10T03:32:29,-147.6415,57.9435,3187,37,10,100.62,99.66385,6.3127,32.51,1025.96978,14.5915,1,20.612,1,1.303,1,
SKQ201915S,GAK14,B,2019-07-10T03:34:23,-147.6415,57.9435,3187,37,11,75.24,74.52961,6.7295,32.409,1025.71878,11.6079,1,16.849,1,1.169,1,
SKQ201915S,GAK14,B,2019-07-10T03:36:46,-147.6415,57.9435,3187,37,13,50.71,50.2342,7.6857,32.3511,1025.4298,9.5309,1,17.302,1,1.075,1,
SKQ201915S,GAK14,B,2019-07-10T03:38:28,-147.6415,57.9435,3187,37,14,40.51,40.1309,8.9557,32.3166,1025.16799,6.9561,1,14.998,1,0.894,1,
SKQ201915S,GAK14,B,2019-07-10T03:40:15,-147.6415,57.9435,3187,37,16,30.05,29.76954,10.3965,32.2948,1024.86952,5.5422,1,15.788,1,0.771,1,
SKQ201915S,GAK14,B,2019-07-10T03:41:54,-147.6415,57.9435,3187,37,17,19.57,19.38785,13.6907,32.2365,1024.16449,1.5323,1,15.726,1,0.472,1,
SKQ201915S,GAK14,B,2019-07-10T03:53:08,-147.6487,57.938,3187,38,1,9.56,9.47125,14.2487,32.246,1024.01272,0.57575,1,14.866,1,0.3885,1,
SKQ201915S,GAK14,B,2019-07-10T03:55:11,-147.6487,57.938,3187,38,4,3.6,3.56663,14.8612,32.2371,1023.85046,0.31642,1,16.18125,1,0.36775,1,
SKQ201915S,GAK13,B,2019-07-10T06:28:14,-147.7905,58.097,2068,40,2,1011.96,1000.13759,3.0157,34.3646,1032.04048,43.27755,1,137.111,1,3.172,1,
SKQ201915S,GAK13,B,2019-07-10T06:35:26,-147.7905,58.097,2068,40,4,759.13,750.71472,3.4774,34.261,1030.74169,43.0369,1,124.214,1,3.155,1,
SKQ201915S,GAK13,B,2019-07-10T06:41:56,-147.7905,58.097,2068,40,5,505.3,500.0031,4.0064,34.0934,1029.37615,42.2592,1,100.914,1,3.09,1,
SKQ201915S,GAK13,B,2019-07-10T06:48:13,-147.7905,58.097,2068,40,6,252.8,250.30235,4.8221,33.8707,1027.93485,37.996,1,73.321,1,2.736,1,
SKQ201915S,GAK13,B,2019-07-10T06:51:03,-147.7905,58.097,2068,40,7,201.86,199.89026,5.4884,33.849,1027.60065,34.7325,1,61.056,1,2.535,1,
SKQ201915S,GAK13,B,2019-07-10T06:53:55,-147.7905,58.097,2068,40,8,152.0,150.53495,5.7054,33.709,1027.23123,31.8885,1,53.812,1,2.356,1,
SKQ201915S,GAK13,B,2019-07-10T06:56:18,-147.7905,58.097,2068,40,9,126.1,124.89242,6.001,33.3941,1026.82498,28.0823,1,44.3,1,2.118,1,
SKQ201915S,GAK13,B,2019-07-10T06:58:50,-147.7905,58.097,2068,40,10,101.86,100.89048,6.1622,33.1339,1026.48668,24.3987,1,37.1895,1,1.905,1,
SKQ201915S,GAK13,B,2019-07-10T07:00:57,-147.7905,58.097,2068,40,11,75.68,74.96442,6.2071,32.7178,1026.03142,18.4619,1,26.679,1,1.57,1,
SKQ201915S,GAK13,B,2019-07-10T07:03:17,-147.7905,58.097,2068,40,13,50.96,50.48119,6.6085,32.4187,1025.62985,12.7678,1,18.796,1,1.219,1,
SKQ201915S,GAK13,B,2019-07-10T06:35:26,-147.7905,58.097,2068,40,4,759.13,750.71472,3.4774,34.261,1030.74169,10.6304,1,18.04,1,1.136,1,
SKQ201915S,GAK13,B,2019-07-10T07:06:20,-147.7905,58.097,2068,40,15,30.7,30.41304,8.0206,32.3503,1025.28896,9.3184,1,17.8135,1,1.029,1,
SKQ201915S,GAK13,B,2019-07-10T07:08:11,-147.7905,58.097,2068,40,17,20.85,20.6556,10.0334,32.3008,1024.8932,6.0891,1,16.378,1,0.785,1,
SKQ201915S,GAK13,B,2019-07-10T07:09:56,-147.7905,58.097,2068,40,18,10.02,9.92684,14.1726,32.2857,1024.06115,2.747,1,12.241,1,0.539,1,
SKQ201915S,GAK13,B,2019-07-10T07:11:46,-147.7905,58.097,2068,40,20,3.73,3.69538,14.3768,32.2932,1023.99637,0.64395,1,8.9545,1,0.367,1,
SKQ201915S,GAK9,B,2019-07-10T18:45:53,-148.3468,58.6815,278,42,3,277.75,274.97601,4.9973,33.8949,1028.04909,37.7622,1,68.2115,1,2.684,1,
SKQ201915S,GAK9,B,2019-07-10T18:48:21,-148.3468,58.6815,278,42,5,252.27,249.76587,5.0545,33.8872,1027.91789,37.1192,1,62.755,1,2.658,1,
SKQ201915S,GAK9,B,2019-07-10T18:51:24,-148.3468,58.6815,278,42,7,202.65,200.66249,5.5357,33.8285,1027.58218,34.0618,1,51.297,1,2.448,1,
SKQ201915S,GAK9,B,2019-07-10T18:54:26,-148.3468,58.6815,278,42,9,151.25,149.78523,6.1109,33.6797,1027.15309,31.2836,1,45.104,1,2.241,1,
SKQ201915S,GAK9,B,2019-07-10T18:56:30,-148.3468,58.6815,278,42,10,126.71,125.49035,6.0144,33.503,1026.91203,29.7366,1,44.7525,1,2.1715,1,
SKQ201915S,GAK9,B,2019-07-10T18:58:35,-148.3468,58.6815,278,42,11,101.22,100.2519,6.3408,32.9528,1026.31804,22.7885,1,33.336,1,1.778,1,
SKQ201915S,GAK9,B,2019-07-10T19:00:35,-148.3468,58.6815,278,42,12,75.74,75.02023,6.5193,32.6063,1025.90391,17.5074,1,24.205,1,1.488,1,
SKQ201915S,GAK9,B,2019-07-10T19:02:32,-148.3468,58.6815,278,42,13,50.34,49.86468,6.7896,32.4516,1025.62928,15.0284,1,20.576,1,1.333,1,
SKQ201915S,GAK9,B,2019-07-10T19:04:08,-148.3468,58.6815,278,42,14,40.25,39.87093,7.082,32.4132,1025.51345,13.2044,1,18.872,1,1.235,1,
SKQ201915S,GAK9,B,2019-07-10T19:06:00,-148.3468,58.6815,278,42,16,30.3,30.01536,9.6198,32.3096,1025.01063,8.6572,1,16.394,1,0.977,1,
SKQ201915S,GAK9,B,2019-07-10T19:07:38,-148.3468,58.6815,278,42,17,20.3,20.10979,10.9877,32.2454,1024.68492,4.80505,1,15.263,1,0.6995,1,
SKQ201915S,GAK9,B,2019-07-10T19:10:24,-148.3468,58.6815,278,42,20,10.25,10.15421,13.1044,32.0783,1024.11691,0.6782,1,15.746,1,0.389,1,
SKQ201915S,GAK9,B,2019-07-10T19:12:52,-148.3468,58.6815,278,42,23,3.7,3.66548,13.687,32.0689,1023.96443,0.1124,1,12.9915,1,0.3425,1,
SKQ201915S,GAK10,B,2019-07-10T21:28:18,-148.2162,58.5405,1462,43,2,1451.78,1433.26914,2.5921,34.4502,1034.17143,43.1586,1,153.412,1,3.1545,1,
SKQ201915S,GAK10,B,2019-07-10T21:37:22,-148.2162,58.5405,1462,43,3,1011.4,999.54886,3.1411,34.3382,1032.00236,39.0563,2,125.862,2,3.01,2,
SKQ201915S,GAK10,B,2019-07-10T21:43:10,-148.2162,58.5405,1462,43,4,758.15,749.71989,3.5933,34.2224,1030.69324,42.9565,1,118.614,1,3.154,1,
SKQ201915S,GAK10,B,2019-07-10T21:48:47,-148.2162,58.5405,1462,43,5,506.19,500.86436,4.0978,34.0735,1029.35405,41.9694,1,97.6915,1,3.0665,1,
SKQ201915S,GAK10,B,2019-07-10T21:54:26,-148.2162,58.5405,1462,43,6,253.4,250.88687,5.0501,33.8724,1027.91196,37.2147,1,69.836,1,2.675,1,
SKQ201915S,GAK10,B,2019-07-10T21:57:48,-148.2162,58.5405,1462,43,7,202.06,200.08088,5.6153,33.834,1027.57387,33.945,1,59.779,1,2.474,1,
SKQ201915S,GAK10,B,2019-07-10T22:00:03,-148.2162,58.5405,1462,43,8,151.78,150.31165,6.1907,33.7128,1027.17132,31.3684,1,51.374,1,2.289,1,
SKQ201915S,GAK10,B,2019-07-10T22:01:55,-148.2162,58.5405,1462,43,9,125.86,124.65023,6.0705,33.2564,1026.70638,26.586,1,41.506,1,2.018,1,
SKQ201915S,GAK10,B,2019-07-10T22:03:39,-148.2162,58.5405,1462,43,10,101.13,100.16394,6.094,32.9434,1026.34166,22.18765,1,33.334,1,1.753,1,
SKQ201915S,GAK10,B,2019-07-10T22:06:14,-148.2162,58.5405,1462,43,11,75.34,74.62497,6.3896,32.4665,1025.80854,14.8964,1,21.374,1,1.327,1,
SKQ201915S,GAK10,B,2019-07-10T22:08:27,-148.2162,58.5405,1462,43,13,50.38,49.90488,7.226,32.3766,1025.51205,11.1382,1,18.246,1,1.137,1,
SKQ201915S,GAK10,B,2019-07-10T22:10:02,-148.2162,58.5405,1462,43,14,40.22,39.84168,8.3721,32.3295,1025.26515,8.9474,1,17.278,1,0.996,1,
SKQ201915S,GAK10,B,2019-07-10T22:11:25,-148.2162,58.5405,1462,43,15,30.37,30.08505,10.3734,32.2905,1024.87149,5.1663,1,14.6165,1,0.7505,1,
SKQ201915S,GAK10,B,2019-07-10T22:13:53,-148.2162,58.5405,1462,43,17,20.56,20.36758,12.5023,32.2861,1024.44061,2.9368,1,13.134,1,0.601,1,
SKQ201915S,GAK10,B,2019-07-10T22:15:32,-148.2162,58.5405,1462,43,18,10.01,9.91657,14.3581,32.2558,1023.9995,0.6709,1,13.206,1,0.41,1,
SKQ201915S,GAK10,B,2019-07-10T22:17:22,-148.2162,58.5405,1462,43,20,4.16,4.12123,14.3845,32.2344,1023.95128,0.1943,1,13.566,1,0.349,1,
SKQ201915S,GAK11,B,2019-07-11T00:13:59,-148.0715,58.3885,1414,44,2,1417.87,1399.92133,2.455,34.4758,1034.05371,43.1046,1,155.398,1,3.133,1,
SKQ201915S,GAK11,B,2019-07-11T00:22:30,-148.0715,58.3885,1414,44,3,1011.88,1000.03461,3.0289,34.3608,1032.0356,43.249,1,141.125,1,3.185,1,
SKQ201915S,GAK11,B,2019-07-11T00:28:25,-148.0715,58.3885,1414,44,4,758.27,749.84773,3.4922,34.259,1030.73448,42.9976,1,124.743,1,3.174,1,
SKQ201915S,GAK11,B,2019-07-11T00:34:26,-148.0715,58.3885,1414,44,5,505.93,500.61368,4.0707,34.0776,1029.35921,42.03875,1,101.86,1,3.084,1,
SKQ201915S,GAK11,B,2019-07-11T00:40:17,-148.0715,58.3885,1414,44,6,252.93,250.42495,4.4858,33.8281,1027.9406,38.6248,1,75.804,1,2.817,1,
SKQ201915S,GAK11,B,2019-07-11T00:43:00,-148.0715,58.3885,1414,44,7,202.03,200.05369,5.0202,33.7039,1027.5433,34.631,1,60.998,1,2.537,1,
SKQ201915S,GAK11,B,2019-07-11T00:45:20,-148.0715,58.3885,1414,44,8,151.37,149.90764,6.2323,33.4562,1026.96169,28.5808,1,46.234,1,2.142,1,
SKQ201915S,GAK11,B,2019-07-11T00:47:04,-148.0715,58.3885,1414,44,9,126.59,125.37456,6.0653,33.0678,1026.56165,24.6628,1,37.773,1,1.91,1,
SKQ201915S,GAK11,B,2019-07-11T00:49:01,-148.0715,58.3885,1414,44,10,100.91,99.94734,6.1531,32.5395,1026.01458,15.8995,1,23.1805,1,1.397,1,
SKQ201915S,GAK11,B,2019-07-11T00:51:31,-148.0715,58.3885,1414,44,11,75.8,75.08146,6.611,32.4176,1025.74363,12.7706,1,18.844,1,1.198,1,
SKQ201915S,GAK11,B,2019-07-11T00:53:43,-148.0715,58.3885,1414,44,13,50.18,49.70741,7.2981,32.369,1025.49531,10.9901,1,19.297,1,1.132,1,
SKQ201915S,GAK11,B,2019-07-11T00:55:03,-148.0715,58.3885,1414,44,14,40.48,40.09971,8.1033,32.3324,1025.30811,9.2975,1,16.887,1,1.023,1,
SKQ201915S,GAK11,B,2019-07-11T00:56:57,-148.0715,58.3885,1414,44,15,30.82,30.53117,10.3598,32.2899,1024.87539,4.7138,1,13.2485,1,0.731,1,
SKQ201915S,GAK11,B,2019-07-11T01:00:07,-148.0715,58.3885,1414,44,17,20.12,19.93197,12.947,32.2826,1024.35022,2.6264,1,11.623,1,0.581,1,
SKQ201915S,GAK11,B,2019-07-11T01:01:40,-148.0715,58.3885,1414,44,18,10.25,10.15445,14.0994,32.2902,1024.08072,1.8941,1,11.355,1,0.52,1,
SKQ201915S,GAK11,B,2019-07-11T01:03:48,-148.0715,58.3885,1414,44,22,4.06,4.02221,15.2091,32.2936,1023.82126,1.8291,1,11.939,1,0.507,1,
SKQ201915S,GAK12,B,2019-07-11T03:05:42,-147.934,58.2438,2176,45,2,1519.89,1500.30587,2.3371,34.4994,1034.55184,40.9636,1,153.008,1,3.1395,1,
SKQ201915S,GAK12,B,2019-07-11T03:15:41,-147.934,58.2438,2176,45,3,1012.01,1000.17473,3.0509,34.3575,1032.03098,42.6405,1,130.483,1,3.183,1,
SKQ201915S,GAK12,B,2019-07-11T03:21:17,-147.934,58.2438,2176,45,4,757.84,749.43223,3.5067,34.2532,1030.7262,42.7975,1,122.396,1,3.124,1,
SKQ201915S,GAK12,B,2019-07-11T03:26:42,-147.934,58.2438,2176,45,5,505.9,500.59001,3.9467,34.1185,1029.40565,38.0711,2,103.801,2,2.777,2,
SKQ201915S,GAK12,B,2019-07-11T03:32:30,-147.934,58.2438,2176,45,6,253.08,250.57637,4.9144,33.8861,1027.93745,33.0812,2,72.029,2,2.472,2,
SKQ201915S,GAK12,B,2019-07-11T03:35:06,-147.934,58.2438,2176,45,7,201.82,199.84824,5.4679,33.8339,1027.59105,32.0349,1,57.139,1,2.372,1,
SKQ201915S,GAK12,B,2019-07-11T03:37:47,-147.934,58.2438,2176,45,8,151.33,149.86983,5.6722,33.6605,1027.19392,26.5575,1,51.186,1,2.04,1,
SKQ201915S,GAK12,B,2019-07-11T03:39:52,-147.934,58.2438,2176,45,9,126.24,125.02952,6.021,33.1956,1026.66646,20.1846,1,37.826,1,1.64,1,
SKQ201915S,GAK12,B,2019-07-11T03:42:08,-147.934,58.2438,2176,45,10,101.57,100.60209,6.1832,32.8034,1026.22199,15.0124,1,21.593,1,1.3385,1,
SKQ201915S,GAK12,B,2019-07-11T03:44:11,-147.934,58.2438,2176,45,11,75.26,74.54757,6.2915,32.5102,1025.85508,11.9155,1,18.33,1,1.187,1,
SKQ201915S,GAK12,B,2019-07-11T03:46:10,-147.934,58.2438,2176,45,13,50.76,50.28248,6.8664,32.401,1025.58125,9.8849,1,16.955,1,1.106,1,
SKQ201915S,GAK12,B,2019-07-11T03:47:43,-147.934,58.2438,2176,45,14,40.6,40.21905,7.5924,32.3632,1025.40574,6.9677,1,14.636,1,0.87,1,
SKQ201915S,GAK12,B,2019-07-11T03:49:20,-147.934,58.2438,2176,45,15,30.64,30.35324,8.5557,32.3187,1025.18511,0.8421,1,10.6485,1,0.4015,1,
SKQ201915S,GAK12,B,2019-07-11T03:51:00,-147.934,58.2438,2176,45,17,20.53,20.33836,13.656,32.2756,1024.20599,0.05405,1,7.5045,1,0.3045,1,
SKQ201915S,GAK12,B,2019-07-11T03:52:40,-147.934,58.2438,2176,45,18,10.08,9.98616,15.5918,32.2371,1023.72116,0.0942,1,6.969,1,0.277,1,
SKQ201915S,GAK12,B,2019-07-11T03:54:32,-147.934,58.2438,2176,45,20,3.96,3.92319,15.6799,32.2339,1023.672,0.07725,1,6.884,1,0.2555,1,
SKQ201915S,GEO,B,2019-07-11T22:48:45,-148.6913,59.017,230,47,2,228.06,225.80321,4.8611,33.8481,1027.79734,37.7265,1,71.877,1,2.7325,1,
SKQ201915S,GEO,B,2019-07-11T22:50:33,-148.6913,59.017,230,47,3,201.96,199.9741,4.9938,33.8175,1027.63591,37.1193,1,69.348,1,2.694,1,
SKQ201915S,GEO,B,2019-07-11T22:53:22,-148.6913,59.017,230,47,4,150.65,149.18717,5.6955,33.6823,1027.20503,32.7281,1,55.833,1,2.395,1,
SKQ201915S,GEO,B,2019-07-11T22:55:24,-148.6913,59.017,230,47,5,126.75,125.52651,5.9601,33.387,1026.82755,28.45255,1,46.4435,1,2.131,1,
SKQ201915S,GEO,B,2019-07-11T22:57:17,-148.6913,59.017,230,47,6,101.04,100.07092,6.0998,33.1729,1026.52157,24.666,1,38.68,1,1.907,1,
SKQ201915S,GEO,B,2019-07-11T22:59:21,-148.6913,59.017,230,47,7,75.26,74.54283,6.4032,32.7187,1026.00523,18.7746,1,28.228,1,1.546,1,
SKQ201915S,GEO,B,2019-07-11T23:01:33,-148.6913,59.017,230,47,9,50.92,50.43775,6.7257,32.467,1025.65247,13.8806,1,20.652,1,1.259,1,
SKQ201915S,GEO,B,2019-07-11T23:02:59,-148.6913,59.017,230,47,10,40.34,39.95898,7.0292,32.4485,1025.54872,12.8643,1,20.292,1,1.211,1,
SKQ201915S,GEO,B,2019-07-11T23:04:32,-148.6913,59.017,230,47,11,30.4,30.11359,8.1181,32.3611,1025.28183,10.2424,1,18.43,1,1.047,1,
SKQ201915S,GEO,B,2019-07-11T23:07:04,-148.6913,59.017,230,47,14,20.09,19.90122,10.1157,32.277,1024.85749,5.654,1,16.348,1,0.752,1,
SKQ201915S,GEO,B,2019-07-11T23:09:47,-148.6913,59.017,230,47,16,10.37,10.2728,12.385,32.1611,1024.31997,3.0796,1,15.279,1,0.551,1,
SKQ201915S,GEO,B,2019-07-11T23:11:41,-148.6913,59.017,230,47,18,3.64,3.60594,13.8401,32.0868,1023.94697,0.6421,1,13.811,1,0.361,1,
SKQ201915S,GAK6,B,2019-07-12T00:51:17,-148.7693,59.117,151,48,2,148.45,147.00812,5.793,33.61,1027.12551,30.7886,1,53.803,1,2.3665,1,
SKQ201915S,GAK6,B,2019-07-12T00:52:57,-148.7693,59.117,151,48,3,125.78,124.56515,5.9031,33.4898,1026.91136,29.4209,1,49.19,1,2.252,1,
SKQ201915S,GAK6,B,2019-07-12T00:54:38,-148.7693,59.117,151,48,4,100.38,99.41659,6.2233,33.0747,1026.42534,24.1306,1,37.533,1,1.929,1,
SKQ201915S,GAK6,B,2019-07-12T00:56:48,-148.7693,59.117,151,48,5,75.26,74.54223,6.4385,32.6698,1025.96215,17.6841,1,25.924,1,1.515,1,
SKQ201915S,GAK6,B,2019-07-12T00:59:13,-148.7693,59.117,151,48,6,50.38,49.90252,6.9095,32.4694,1025.62763,13.4583,1,21.374,1,1.28,1,
SKQ201915S,GAK6,B,2019-07-12T01:00:32,-148.7693,59.117,151,48,7,40.15,39.77047,7.8204,32.3769,1025.38223,11.0746,1,19.07,1,1.144,1,
SKQ201915S,GAK6,B,2019-07-12T01:01:54,-148.7693,59.117,151,48,8,30.06,29.77657,8.5297,32.337,1025.20058,8.7788,1,17.824,1,0.982,1,
SKQ201915S,GAK6,B,2019-07-12T01:03:29,-148.7693,59.117,151,48,11,20.07,19.88125,12.1064,32.0883,1024.35964,4.345,1,15.633,1,0.664,1,
SKQ201915S,GAK6,B,2019-07-12T01:04:49,-148.7693,59.117,151,48,12,10.36,10.26281,13.5281,32.0124,1023.98255,0.449,1,13.552,1,0.361,1,
SKQ201915S,GAK6,B,2019-07-12T01:06:30,-148.7693,59.117,151,48,15,3.57,3.53657,13.758,31.9891,1023.88782,0.1706,1,13.24,1,0.321,1,
SKQ201915S,GAK7,B,2019-07-12T02:40:07,-148.6275,58.9732,240,49,2,240.18,237.79715,4.6134,33.8957,1027.9202,38.18625,1,77.2785,1,2.8375,1,
SKQ201915S,GAK7,B,2019-07-12T02:42:16,-148.6275,58.9732,240,49,3,202.1,200.11338,5.4416,33.7207,1027.50606,33.812,1,60.126,1,2.515,1,
SKQ201915S,GAK7,B,2019-07-12T02:44:47,-148.6275,58.9732,240,49,4,152.22,150.74189,5.6412,33.5875,1027.1442,31.351,1,54.478,1,2.344,1,
SKQ201915S,GAK7,B,2019-07-12T02:46:22,-148.6275,58.9732,240,49,5,126.42,125.20024,5.8671,33.2917,1026.76247,27.5237,1,44.855,1,2.114,1,
SKQ201915S,GAK7,B,2019-07-12T02:48:05,-148.6275,58.9732,240,49,6,100.61,99.6455,6.1724,32.8532,1026.25818,20.5838,1,31.445,1,1.701,1,
SKQ201915S,GAK7,B,2019-07-12T02:50:02,-148.6275,58.9732,240,49,7,75.53,74.81048,6.236,32.5785,1025.91721,14.0833,1,20.361,1,1.286,1,
SKQ201915S,GAK7,B,2019-07-12T02:52:04,-148.6275,58.9732,240,49,8,51.06,50.57659,6.7143,32.4838,1025.66784,13.1874,1,20.269,1,1.231,1,
SKQ201915S,GAK7,B,2019-07-12T02:53:34,-148.6275,58.9732,240,49,9,40.74,40.3553,7.1073,32.4323,1025.52734,12.111,1,19.359,1,1.176,1,
SKQ201915S,GAK7,B,2019-07-12T02:55:01,-148.6275,58.9732,240,49,10,30.45,30.16322,8.4142,32.3551,1025.23382,9.0025,1,17.838,1,1.0,1,
SKQ201915S,GAK7,B,2019-07-12T02:56:36,-148.6275,58.9732,240,49,12,20.24,20.04988,9.6395,32.3032,1024.95665,7.0918,1,16.986,1,0.87,1,
SKQ201915S,GAK7,B,2019-07-12T02:58:13,-148.6275,58.9732,240,49,14,10.36,10.26293,12.9346,32.1038,1024.17024,1.1336,1,14.195,1,0.424,1,
SKQ201915S,GAK7,B,2019-07-12T03:00:07,-148.6275,58.9732,240,49,16,3.65,3.61586,13.4385,32.0481,1023.99784,0.11275,1,13.522,1,0.335,1,
SKQ201915S,GAK8,B,2019-07-12T05:03:27,-148.4933,58.8112,289,51,2,252.7,250.18868,4.7166,33.9199,1027.98574,38.77125,1,81.604,1,2.8605,1,
SKQ201915S,GAK8,B,2019-07-12T05:03:38,-148.4933,58.8112,289,51,3,252.32,249.81268,4.7136,33.92,1027.98439,39.5332,1,77.707,1,2.833,1,
SKQ201915S,GAK8,B,2019-07-12T05:06:45,-148.4933,58.8112,289,51,4,202.73,200.73953,5.5422,33.8116,1027.56839,31.5841,1,59.286,1,2.449,1,
SKQ201915S,GAK8,B,2019-07-12T05:09:55,-148.4933,58.8112,289,51,5,151.58,150.11032,5.8165,33.7311,1027.23275,31.91225,1,55.02,1,2.349,1,
SKQ201915S,GAK8,B,2019-07-12T05:11:50,-148.4933,58.8112,289,51,6,126.74,125.51872,5.9901,33.5421,1026.94611,30.5685,1,51.089,1,2.256,1,
SKQ201915S,GAK8,B,2019-07-12T05:13:50,-148.4933,58.8112,289,51,7,101.32,100.34985,6.1649,33.0585,1026.42436,23.6188,1,36.27,1,1.846,1,
SKQ201915S,GAK8,B,2019-07-12T05:15:51,-148.4933,58.8112,289,51,8,75.68,74.96001,6.1597,32.6866,1026.01277,18.7207,1,27.207,1,1.539,1,
SKQ201915S,GAK8,B,2019-07-12T05:17:43,-148.4933,58.8112,289,51,9,50.74,50.26032,6.6323,32.4579,1025.65663,13.6802,1,20.449,1,1.256,1,
SKQ201915S,GAK8,B,2019-07-12T05:19:28,-148.4933,58.8112,289,51,11,40.67,40.2865,6.8902,32.4196,1025.546,12.26565,1,19.094,1,1.199,1,
SKQ201915S,GAK8,B,2019-07-12T05:21:07,-148.4933,58.8112,289,51,12,29.68,29.40092,8.3325,32.3445,1025.2341,8.8663,1,17.378,1,1.005,1,
SKQ201915S,GAK8,B,2019-07-12T05:22:55,-148.4933,58.8112,289,51,13,20.15,19.96099,11.0792,32.2779,1024.69343,4.3211,1,16.046,1,0.681,1,
SKQ201915S,GAK8,B,2019-07-12T05:25:28,-148.4933,58.8112,289,51,15,10.2,10.10457,12.4513,32.2502,1024.37573,1.70935,1,14.2265,1,0.4795,1,
SKQ201915S,GAK8,B,2019-07-12T05:27:16,-148.4933,58.8112,289,51,16,3.49,3.4574,14.2055,32.2086,1023.96549,0.3403,1,13.269,1,0.359,1,
SKQ201915S,GAK5,B,2019-07-12T18:36:52,-148.9085,59.2617,169,53,2,165.99,164.36884,6.0349,33.3434,1026.96601,28.0916,1,47.8545,1,2.19,1,
SKQ201915S,GAK5,B,2019-07-12T18:38:42,-148.9085,59.2617,169,53,3,152.12,150.63936,6.1641,33.2336,1026.79843,25.777,1,38.855,1,2.087,1,
SKQ201915S,GAK5,B,2019-07-12T18:41:11,-148.9085,59.2617,169,53,4,126.69,125.46461,6.362,32.9657,1026.44358,23.1703,1,32.012,1,1.898,1,
SKQ201915S,GAK5,B,2019-07-12T18:43:29,-148.9085,59.2617,169,53,5,100.76,99.79168,6.4347,32.7923,1026.17727,19.99305,1,27.977,1,1.695,1,
SKQ201915S,GAK5,B,2019-07-12T18:45:50,-148.9085,59.2617,169,53,6,75.66,74.93746,6.6489,32.4827,1025.78931,15.5842,1,22.834,1,1.443,1,
SKQ201915S,GAK5,B,2019-07-12T18:48:06,-148.9085,59.2617,169,53,7,50.4,49.92174,6.9262,32.3434,1025.52633,14.7493,1,22.552,1,1.363,1,
SKQ201915S,GAK5,B,2019-07-12T18:49:38,-148.9085,59.2617,169,53,8,40.66,40.27512,7.149,32.2711,1025.39453,14.7779,1,20.028,1,1.346,1,
SKQ201915S,GAK5,B,2019-07-12T18:51:30,-148.9085,59.2617,169,53,10,30.57,30.28137,7.929,32.1654,1025.15632,11.8893,1,19.326,1,1.195,1,
SKQ201915S,GAK5,B,2019-07-12T18:53:07,-148.9085,59.2617,169,53,11,21.11,20.91117,8.5264,32.1641,1025.02471,9.4818,1,14.476,1,1.066,1,
SKQ201915S,GAK5,B,2019-07-12T18:56:24,-148.9085,59.2617,169,53,16,10.37,10.27259,10.4257,31.8875,1024.45766,2.7316,1,12.09,1,0.625,1,
SKQ201915S,GAK5,B,2019-07-12T18:59:44,-148.9085,59.2617,169,53,21,3.48,3.44737,14.6209,31.2431,1023.13463,0.1137,1,11.697,1,0.366,1,
SKQ201915S,GAK4,B,2019-07-12T21:43:33,-149.0488,59.4083,202,54,2,197.12,195.17778,6.1524,33.3933,1027.1346,29.087,1,49.9995,1,2.159,1,
SKQ201915S,GAK4,B,2019-07-12T21:45:37,-149.0488,59.4083,202,54,3,151.63,150.15252,6.2453,33.2438,1026.79371,26.8592,1,50.167,1,2.086,1,
SKQ201915S,GAK4,B,2019-07-12T21:47:24,-149.0488,59.4083,202,54,4,126.65,125.42352,6.3353,33.0249,1026.49351,24.0235,1,39.783,1,1.884,1,
SKQ201915S,GAK4,B,2019-07-12T21:49:18,-149.0488,59.4083,202,54,5,100.96,99.98852,6.443,32.7745,1026.16309,21.19675,1,32.715,1,1.7,1,
SKQ201915S,GAK4,B,2019-07-12T21:51:18,-149.0488,59.4083,202,54,6,75.51,74.78803,6.568,32.527,1025.83403,15.0063,1,21.029,1,1.339,1,
SKQ201915S,GAK4,B,2019-07-12T21:53:36,-149.0488,59.4083,202,54,7,50.21,49.73298,6.9521,32.3765,1025.54806,15.3862,1,21.66,1,1.371,1,
SKQ201915S,GAK4,B,2019-07-12T21:55:13,-149.0488,59.4083,202,54,8,40.14,39.75962,7.2634,32.3218,1025.4165,14.3343,1,20.565,1,1.308,1,
SKQ201915S,GAK4,B,2019-07-12T21:56:55,-149.0488,59.4083,202,54,10,29.93,29.64711,7.6678,32.2089,1025.22447,13.4509,1,20.327,1,1.249,1,
SKQ201915S,GAK4,B,2019-07-12T21:58:47,-149.0488,59.4083,202,54,11,20.23,20.03926,9.0268,32.1096,1024.90204,8.5277,1,16.656,1,0.971,1,
SKQ201915S,GAK4,B,2019-07-12T22:00:25,-149.0488,59.4083,202,54,13,10.09,9.99511,11.5175,31.9924,1024.34778,3.6168,1,15.092,1,0.655,1,
SKQ201915S,GAK4,B,2019-07-12T22:02:01,-149.0488,59.4083,202,54,14,4.18,4.14075,13.9827,31.4951,1023.46359,0.4272,1,12.536,1,0.384,1,
SKQ201915S,GAK3,B,2019-07-12T23:40:36,-149.1872,59.5525,212,55,2,210.18,208.1001,6.1433,33.4091,1027.20883,24.3121,1,45.0785,1,1.9815,1,
SKQ201915S,GAK3,B,2019-07-12T23:42:39,-149.1872,59.5525,212,55,5,201.62,199.62894,6.1537,33.3919,1027.1542,27.3396,1,49.956,1,2.142,1,
SKQ201915S,GAK3,B,2019-07-12T23:44:49,-149.1872,59.5525,212,55,6,151.44,149.9627,6.2159,33.2685,1026.8161,25.281,1,44.963,1,2.007,1,
SKQ201915S,GAK3,B,2019-07-12T23:47:24,-149.1872,59.5525,212,55,8,126.22,124.99635,6.3607,33.0185,1026.48318,23.5719,1,39.152,1,1.872,1,
SKQ201915S,GAK3,B,2019-07-12T23:49:28,-149.1872,59.5525,212,55,9,101.2,100.22499,6.5094,32.6529,1026.05976,18.4379,1,28.4265,1,1.5575,1,
SKQ201915S,GAK3,B,2019-07-12T23:51:48,-149.1872,59.5525,212,55,11,75.95,75.22286,6.8334,32.4127,1025.71125,15.0481,1,21.579,1,1.362,1,
SKQ201915S,GAK3,B,2019-07-12T23:54:33,-149.1872,59.5525,212,55,12,50.22,49.7423,7.702,32.3345,1025.4122,10.5259,1,16.536,1,1.132,1,
SKQ201915S,GAK3,B,2019-07-12T23:56:53,-149.1872,59.5525,212,55,15,40.37,39.98695,8.7696,32.2848,1025.17103,9.3651,1,17.09,1,1.055,1,
SKQ201915S,GAK3,B,2019-07-12T23:58:50,-149.1872,59.5525,212,55,17,30.55,30.26085,9.8664,32.0943,1024.80356,6.5614,1,15.697,1,0.947,1,
SKQ201915S,GAK3,B,2019-07-13T00:01:18,-149.1872,59.5525,212,55,19,20.18,19.9895,11.0622,31.9226,1024.4202,1.9409,1,12.82,1,0.614,1,
SKQ201915S,GAK3,B,2019-07-13T00:03:32,-149.1872,59.5525,212,55,21,10.32,10.22283,14.2207,31.4171,1023.38236,0.161,1,10.548,1,0.373,1,
SKQ201915S,GAK3,B,2019-07-13T00:05:42,-149.1872,59.5525,212,55,24,4.05,4.01193,14.6691,30.7709,1022.76331,0.02345,1,9.265,1,0.309,1,
SKQ201915S,GAK2,B,2019-07-13T01:41:40,-149.328,59.6912,227,56,2,222.84,220.62559,6.0144,33.502,1027.35744,29.64525,1,53.6235,1,2.2525,1,
SKQ201915S,GAK2,B,2019-07-13T01:43:30,-149.328,59.6912,227,56,3,202.06,200.06214,6.1605,33.3746,1027.14171,25.0431,1,44.671,1,2.03,1,
SKQ201915S,GAK2,B,2019-07-13T01:45:50,-149.328,59.6912,227,56,4,151.2,149.72345,6.3182,33.0459,1026.62625,25.2722,1,40.174,1,1.89,1,
SKQ201915S,GAK2,B,2019-07-13T01:47:39,-149.328,59.6912,227,56,5,126.05,124.82666,6.4219,32.8754,1026.36166,22.075,1,36.7185,1,1.782,1,
SKQ201915S,GAK2,B,2019-07-13T01:49:37,-149.328,59.6912,227,56,6,101.55,100.57041,6.5426,32.5652,1025.98797,18.3329,1,28.392,1,1.567,1,
SKQ201915S,GAK2,B,2019-07-13T01:51:50,-149.328,59.6912,227,56,7,75.79,75.06359,6.9502,32.365,1025.65743,15.7747,1,23.447,1,1.408,1,
SKQ201915S,GAK2,B,2019-07-13T01:54:08,-149.328,59.6912,227,56,8,50.87,50.38548,7.5603,32.2852,1025.39638,12.0474,1,18.994,1,1.197,1,
SKQ201915S,GAK2,B,2019-07-13T01:55:49,-149.328,59.6912,227,56,9,40.55,40.16478,8.3946,32.2198,1025.17736,10.35285,1,17.7225,1,1.104,1,
SKQ201915S,GAK2,B,2019-07-13T01:57:58,-149.328,59.6912,227,56,11,30.68,30.38927,10.0121,32.2311,1024.88691,5.806,1,14.462,1,0.828,1,
SKQ201915S,GAK2,B,2019-07-13T01:59:58,-149.328,59.6912,227,56,12,20.95,20.75196,10.3843,31.7633,1024.41605,3.6845,1,13.149,1,0.707,1,
SKQ201915S,GAK2,B,2019-07-13T02:03:15,-149.328,59.6912,227,56,14,10.24,10.14347,12.7538,31.4294,1023.68245,0.1234,1,9.197,1,0.344,1,
SKQ201915S,GAK2,B,2019-07-13T02:05:00,-149.328,59.6912,227,56,15,3.93,3.89301,13.2151,31.3645,1023.51456,0.0352,1,9.0565,1,0.3025,1,
SKQ201915S,GAK1,B,2019-07-13T19:08:28,-149.4658,59.8467,269,58,2,267.24,264.55268,6.0643,33.4537,1027.5184,28.85635,1,50.707,1,2.1845,1,
SKQ201915S,GAK1,B,2019-07-13T19:10:24,-149.4658,59.8467,269,58,3,252.86,250.32598,6.0674,33.4389,1027.43983,28.529,1,50.595,1,2.174,1,
SKQ201915S,GAK1,B,2019-07-13T19:13:40,-149.4658,59.8467,269,58,4,201.99,199.99037,6.1677,33.3501,1027.12112,28.0149,1,50.723,1,2.145,1,
SKQ201915S,GAK1,B,2019-07-13T19:16:38,-149.4658,59.8467,269,58,5,151.41,149.92945,6.4272,32.9894,1026.56848,24.47145,1,43.157,1,1.8785,1,
SKQ201915S,GAK1,B,2019-07-13T19:18:39,-149.4658,59.8467,269,58,6,126.81,125.57748,6.4807,32.77,1026.27448,21.1824,1,35.733,1,1.74,1,
SKQ201915S,GAK1,B,2019-07-13T19:21:13,-149.4658,59.8467,269,58,7,100.91,99.93549,6.5343,32.4681,1025.90958,18.5729,1,28.605,1,1.6,1,
SKQ201915S,GAK1,B,2019-07-13T19:23:24,-149.4658,59.8467,269,58,8,75.83,75.10226,6.866,32.2475,1025.57633,16.4791,1,25.492,1,1.468,1,
SKQ201915S,GAK1,B,2019-07-13T19:25:48,-149.4658,59.8467,269,58,9,50.47,49.98871,7.8712,31.9168,1025.06148,14.0302,1,21.2075,1,1.282,1,
SKQ201915S,GAK1,B,2019-07-13T19:28:12,-149.4658,59.8467,269,58,11,40.34,39.95629,8.0476,31.6835,1024.80654,12.4495,1,20.534,1,1.197,1,
SKQ201915S,GAK1,B,2019-07-13T19:29:45,-149.4658,59.8467,269,58,12,30.64,30.34927,8.2969,31.5716,1024.63781,11.1367,1,18.81,1,1.129,1,
SKQ201915S,GAK1,B,2019-07-13T19:31:29,-149.4658,59.8467,269,58,13,20.46,20.26637,9.0388,31.2351,1024.21724,4.7256,1,10.317,1,0.827,1,
SKQ201915S,GAK1,B,2019-07-13T19:34:32,-149.4658,59.8467,269,58,16,10.28,10.18296,9.9361,31.0949,1023.92011,1.674,1,7.402,1,0.564,1,
SKQ201915S,GAK1,B,2019-07-13T19:36:55,-149.4658,59.8467,269,58,19,3.49,3.45711,14.2943,24.3427,1017.88746,0.0308,1,9.0885,1,0.0575,1,
SKQ201915S,KOD5,B,2019-07-15T19:15:44,-150.7608,57.7868,86,60,2,84.26,83.46371,7.8528,32.3573,1025.56526,13.3578,1,21.586,1,1.357,1,
SKQ201915S,KOD5,B,2019-07-15T19:17:39,-150.7608,57.7868,86,60,3,75.72,75.00597,7.8584,32.3585,1025.52609,13.2088,1,23.614,1,1.362,1,
SKQ201915S,KOD5,B,2019-07-15T19:20:11,-150.7608,57.7868,86,60,4,50.31,49.83866,7.8793,32.3584,1025.40596,13.115,1,21.066,1,1.351,1,
SKQ201915S,KOD5,B,2019-07-15T19:21:56,-150.7608,57.7868,86,60,5,41.25,40.86444,7.8875,32.3583,1025.36296,13.23275,1,21.1335,1,1.3495,1,
SKQ201915S,KOD5,B,2019-07-15T19:23:36,-150.7608,57.7868,86,60,7,29.87,29.59162,8.2844,32.3421,1025.23991,11.2777,1,17.667,1,1.224,1,
SKQ201915S,KOD5,B,2019-07-15T19:25:09,-150.7608,57.7868,86,60,8,20.58,20.38866,11.2629,32.22,1024.61756,2.491,1,6.65,1,0.614,1,
SKQ201915S,KOD5,B,2019-07-15T19:28:01,-150.7608,57.7868,86,60,10,10.23,10.13514,12.1547,32.2119,1024.40172,0.6037,1,3.667,1,0.422,1,
SKQ201915S,KOD5,B,2019-07-15T19:30:39,-150.7608,57.7868,86,60,15,3.68,3.64594,12.143,32.2122,1024.3745,0.5755,1,3.363,1,0.409,1,
SKQ201915S,KOD4,B,2019-07-15T22:25:56,-150.9693,57.8977,78,61,2,73.89,73.19288,8.0478,32.3119,1025.45373,12.9565,1,21.0215,1,1.293,1,
SKQ201915S,KOD4,B,2019-07-15T22:28:03,-150.9693,57.8977,78,61,3,50.36,49.88772,8.0975,32.305,1025.33278,12.735,1,20.675,1,1.297,1,
SKQ201915S,KOD4,B,2019-07-15T22:29:33,-150.9693,57.8977,78,61,4,40.39,40.01219,8.1334,32.3002,1025.27789,12.6098,1,20.336,1,1.285,1,
SKQ201915S,KOD4,B,2019-07-15T22:31:23,-150.9693,57.8977,78,61,5,30.42,30.13618,8.6781,32.2352,1025.0999,9.94625,1,17.298,1,1.1345,1,
SKQ201915S,KOD4,B,2019-07-15T22:33:08,-150.9693,57.8977,78,61,7,20.68,20.48754,9.3041,32.18,1024.9156,7.9562,1,15.006,1,1.022,1,
SKQ201915S,KOD4,B,2019-07-15T22:36:23,-150.9693,57.8977,78,61,9,10.26,10.16477,12.1528,32.1101,1024.32322,0.7877,1,4.672,1,0.426,1,
SKQ201915S,KOD4,B,2019-07-15T22:38:05,-150.9693,57.8977,78,61,12,3.89,3.85395,12.5486,32.1128,1024.22191,0.1484,1,2.436,1,0.339,1,
SKQ201915S,KOD3,B,2019-07-16T00:12:37,-151.1783,58.0145,83,62,3,78.52,77.77757,7.7045,32.3242,1025.53402,14.24425,1,22.704,1,1.3865,1,
SKQ201915S,KOD3,B,2019-07-16T00:14:35,-151.1783,58.0145,83,62,4,50.16,49.68914,7.8608,32.288,1025.35265,13.7104,1,21.81,1,1.366,1,
SKQ201915S,KOD3,B,2019-07-16T00:16:01,-151.1783,58.0145,83,62,5,40.48,40.10095,7.9467,32.2787,1025.28845,13.3532,1,21.4,1,1.3505,1,
SKQ201915S,KOD3,B,2019-07-16T00:17:47,-151.1783,58.0145,83,62,7,30.38,30.09626,9.4525,32.2448,1024.98687,6.7061,1,10.974,1,0.975,1,
SKQ201915S,KOD3,B,2019-07-16T00:19:36,-151.1783,58.0145,83,62,8,20.01,19.82361,11.4638,31.9768,1024.39001,0.8949,1,6.637,1,0.47,1,
SKQ201915S,KOD3,B,2019-07-16T00:22:47,-151.1783,58.0145,83,62,11,10.21,10.11514,11.631,31.9753,1024.31423,0.4158,1,6.214,1,0.412,1,
SKQ201915S,KOD3,B,2019-07-16T00:25:29,-151.1783,58.0145,83,62,16,4.02,3.98271,11.6365,31.9755,1024.28531,0.3789,1,6.15,1,0.3965,1,
SKQ201915S,KOD2,B,2019-07-16T02:05:28,-151.3832,58.132,130,63,2,125.6,124.397,7.3525,32.4328,1025.88617,16.38085,1,25.297,1,1.478,1,
SKQ201915S,KOD2,B,2019-07-16T02:07:17,-151.3832,58.132,130,63,3,100.79,99.83063,7.4131,32.3643,1025.70919,16.28,1,25.323,1,1.468,1,
SKQ201915S,KOD2,B,2019-07-16T02:09:13,-151.3832,58.132,130,63,4,75.89,75.17218,7.583,32.2906,1025.51266,15.5808,1,24.697,1,1.42,1,
SKQ201915S,KOD2,B,2019-07-16T02:12:19,-151.3832,58.132,130,63,6,50.51,50.03532,7.8972,32.1916,1025.2734,13.8942,1,22.906,1,1.315,1,
SKQ201915S,KOD2,B,2019-07-16T02:13:45,-151.3832,58.132,130,63,7,40.55,40.16989,8.6063,32.0399,1025.00466,11.2043,1,19.974,1,1.158,1,
SKQ201915S,KOD2,B,2019-07-16T02:15:08,-151.3832,58.132,130,63,8,30.2,29.91766,9.7329,31.8952,1024.66799,7.4716,1,15.883,1,0.917,1,
SKQ201915S,KOD2,B,2019-07-16T02:16:48,-151.3832,58.132,130,63,10,20.22,20.03145,9.861,31.8911,1024.59863,6.28185,1,14.856,1,0.86,1,
SKQ201915S,KOD2,B,2019-07-16T02:18:15,-151.3832,58.132,130,63,11,10.37,10.27355,9.9559,31.8907,1024.53781,6.258,1,14.971,1,0.848,1,
SKQ201915S,KOD2,B,2019-07-16T02:19:55,-151.3832,58.132,130,63,12,3.95,3.91332,9.9399,31.8892,1024.5099,6.2035,1,14.864,1,0.835,1,
SKQ201915S,KOD1,B,2019-07-16T04:09:32,-151.5915,58.2398,70,64,2,64.21,63.60389,8.3872,32.1084,1025.19978,12.0498,1,22.809,1,1.273,1,
SKQ201915S,KOD1,B,2019-07-16T04:11:16,-151.5915,58.2398,70,64,3,50.77,50.2924,8.392,32.1076,1025.13664,11.8523,1,21.465,1,1.226,1,
SKQ201915S,KOD1,B,2019-07-16T04:13:00,-151.5915,58.2398,70,64,5,40.17,39.79314,8.4576,32.0915,1025.06555,11.7426,1,21.406,1,1.223,1,
SKQ201915S,KOD1,B,2019-07-16T04:14:31,-151.5915,58.2398,70,64,6,30.1,29.81834,8.5128,32.0761,1024.99854,10.9638,1,20.102,1,1.1735,1,
SKQ201915S,KOD1,B,2019-07-16T04:16:17,-151.5915,58.2398,70,64,8,20.03,19.84305,9.1434,31.9739,1024.7766,9.2711,1,18.278,1,1.067,1,
SKQ201915S,KOD1,B,2019-07-16T04:17:46,-151.5915,58.2398,70,64,9,9.73,9.63943,9.4567,31.926,1024.64279,7.4615,1,16.131,1,0.928,1,
SKQ201915S,KOD1,B,2019-07-16T04:19:38,-151.5915,58.2398,70,64,11,3.78,3.74487,9.4515,31.9253,1024.6158,7.55475,1,16.153,1,0.938,1,
SKQ201915S,KOD6,B,2019-07-16T15:24:48,-150.5488,57.6733,100,65,2,96.03,95.12067,7.5632,32.4478,1025.73179,14.9095,1,23.901,1,1.419,1,
SKQ201915S,KOD6,B,2019-07-16T15:26:47,-150.5488,57.6733,100,65,3,75.89,75.17505,7.6005,32.4415,1025.62872,14.917,1,21.546,1,1.429,1,
SKQ201915S,KOD6,B,2019-07-16T15:28:57,-150.5488,57.6733,100,65,4,50.85,50.37401,8.0216,32.4103,1025.42867,13.261,1,23.829,1,1.307,1,
SKQ201915S,KOD6,B,2019-07-16T15:30:32,-150.5488,57.6733,100,65,5,40.65,40.27048,8.3944,32.3946,1025.31468,11.77135,1,17.795,1,1.232,1,
SKQ201915S,KOD6,B,2019-07-16T15:32:02,-150.5488,57.6733,100,65,6,30.47,30.18627,8.7505,32.3681,1025.19328,10.663,1,14.686,1,1.143,1,
SKQ201915S,KOD6,B,2019-07-16T15:33:45,-150.5488,57.6733,100,65,8,20.34,20.15109,9.5811,32.332,1024.98879,8.1929,1,6.62,1,0.999,1,
SKQ201915S,KOD6,B,2019-07-16T15:36:33,-150.5488,57.6733,100,65,10,9.91,9.81821,11.8058,32.2606,1024.50268,2.45185,1,5.631,1,0.573,1,
SKQ201915S,KOD6,B,2019-07-16T15:38:28,-150.5488,57.6733,100,65,12,3.65,3.61625,11.8851,32.2663,1024.46418,1.4458,1,4.824,1,0.49,1,
SKQ201915S,KOD7,B,2019-07-16T17:13:59,-150.341,57.5558,179,66,2,179.05,177.32061,5.8153,33.4585,1027.1458,30.48745,1,54.5395,1,2.308,1,
SKQ201915S,KOD7,B,2019-07-16T17:16:20,-150.341,57.5558,179,66,3,152.18,150.71994,6.1065,33.1705,1026.75674,26.5685,1,45.805,1,2.067,1,
SKQ201915S,KOD7,B,2019-07-16T17:19:12,-150.341,57.5558,179,66,4,126.66,125.45254,6.4095,32.8769,1026.36752,22.7568,1,37.504,1,1.831,1,
SKQ201915S,KOD7,B,2019-07-16T17:21:28,-150.341,57.5558,179,66,5,100.86,99.90474,6.7369,32.6508,1026.02674,19.66315,1,31.5965,1,1.67,1,
SKQ201915S,KOD7,B,2019-07-16T17:23:27,-150.341,57.5558,179,66,6,75.53,74.81924,6.6602,32.6086,1025.88635,19.0694,1,30.607,1,1.613,1,
SKQ201915S,KOD7,B,2019-07-16T17:25:30,-150.341,57.5558,179,66,7,50.33,49.85943,7.5891,32.3976,1025.47797,15.3798,1,22.833,1,1.399,1,
SKQ201915S,KOD7,B,2019-07-16T17:26:57,-150.341,57.5558,179,66,8,40.19,39.81521,8.8849,32.3005,1025.16468,9.6537,1,15.131,1,1.085,1,
SKQ201915S,KOD7,B,2019-07-16T17:28:36,-150.341,57.5558,179,66,10,30.44,30.15685,9.2259,32.2902,1025.05866,8.17685,1,13.507,1,1.009,1,
SKQ201915S,KOD7,B,2019-07-16T17:30:06,-150.341,57.5558,179,66,11,20.06,19.8739,9.479,32.2399,1024.93195,7.0248,1,12.681,1,0.943,1,
SKQ201915S,KOD7,B,2019-07-16T17:32:47,-150.341,57.5558,179,66,14,10.23,10.13534,10.0811,32.1995,1024.75764,5.1868,1,11.497,1,0.83,1,
SKQ201915S,KOD7,B,2019-07-16T17:34:48,-150.341,57.5558,179,66,17,3.79,3.75499,12.102,32.154,1024.33759,1.3696,1,7.5835,1,0.513,1,
SKQ201915S,KOD8,B,2019-07-16T19:27:04,-150.1278,57.4363,732,67,2,753.22,744.92179,3.6459,34.2096,1030.65433,42.42035,1,119.069,1,3.135,1,
SKQ201915S,KOD8,B,2019-07-16T19:33:35,-150.1278,57.4363,732,67,3,505.71,500.43587,4.0156,34.0947,1029.37822,42.1262,1,101.974,1,3.076,1,
SKQ201915S,KOD8,B,2019-07-16T19:40:09,-150.1278,57.4363,732,67,4,252.34,249.86093,5.2235,33.8208,1027.84553,36.3359,1,69.735,1,2.666,1,
SKQ201915S,KOD8,B,2019-07-16T19:42:34,-150.1278,57.4363,732,67,5,202.78,200.81189,5.9743,33.7224,1027.44411,32.80655,1,56.8475,1,2.404,1,
SKQ201915S,KOD8,B,2019-07-16T19:45:01,-150.1278,57.4363,732,67,6,151.53,150.07792,6.2546,33.3767,1026.89723,28.0838,1,45.934,1,2.151,1,
SKQ201915S,KOD8,B,2019-07-16T19:47:20,-150.1278,57.4363,732,67,7,125.95,124.75078,6.5645,33.125,1026.53936,24.9717,1,40.043,1,1.944,1,
SKQ201915S,KOD8,B,2019-07-16T19:49:41,-150.1278,57.4363,732,67,8,100.89,99.93545,6.4511,32.7884,1026.17272,20.953,1,32.061,1,1.712,1,
SKQ201915S,KOD8,B,2019-07-16T19:51:42,-150.1278,57.4363,732,67,9,75.55,74.8398,6.4573,32.5475,1025.86463,17.76825,1,24.9775,1,1.528,1,
SKQ201915S,KOD8,B,2019-07-16T19:53:51,-150.1278,57.4363,732,67,11,50.47,49.9986,6.7689,32.4021,1025.59343,14.7217,1,20.388,1,1.33,1,
SKQ201915S,KOD8,B,2019-07-16T19:55:15,-150.1278,57.4363,732,67,12,40.26,39.88495,7.1643,32.3633,1025.46298,12.7278,1,18.624,1,1.26,1,
SKQ201915S,KOD8,B,2019-07-16T19:56:44,-150.1278,57.4363,732,67,13,30.64,30.35528,8.1942,32.3078,1025.22991,10.0697,1,12.179,1,1.079,1,
SKQ201915S,KOD8,B,2019-07-16T19:59:25,-150.1278,57.4363,732,67,15,20.29,20.10196,12.2763,32.1943,1024.41088,1.6461,1,3.6345,1,0.4515,1,
SKQ201915S,KOD8,B,2019-07-16T20:00:54,-150.1278,57.4363,732,67,16,10.4,10.30386,13.0026,32.1377,1024.18327,0.602,1,9.867,1,0.389,1,
SKQ201915S,KOD8,B,2019-07-16T20:04:20,-150.1278,57.4363,732,67,22,4.16,4.12161,13.0557,32.1359,1024.14339,0.4075,1,7.653,1,0.387,1,
SKQ201915S,KOD9,B,2019-07-16T22:00:28,-149.9252,57.3227,1306,68,2,1310.15,1294.00982,2.6442,34.4373,1033.50846,43.1881,1,157.252,1,3.139,1,
SKQ201915S,KOD9,B,2019-07-16T22:07:44,-149.9252,57.3227,1306,68,3,1012.4,1000.63602,3.0502,34.3546,1032.03064,43.2564,1,138.939,1,3.154,1,
SKQ201915S,KOD9,B,2019-07-16T22:14:10,-149.9252,57.3227,1306,68,4,758.43,750.07218,3.5099,34.2483,1030.72476,39.0708,2,123.648,2,2.981,2,
SKQ201915S,KOD9,B,2019-07-16T22:20:30,-149.9252,57.3227,1306,68,5,504.6,499.34353,4.125,34.0556,1029.32948,41.60785,1,96.9725,1,3.016,1,
SKQ201915S,KOD9,B,2019-07-16T22:26:21,-149.9252,57.3227,1306,68,6,252.82,250.33831,5.2708,33.8623,1027.87476,36.285,1,67.48,1,2.624,1,
SKQ201915S,KOD9,B,2019-07-16T22:28:42,-149.9252,57.3227,1306,68,7,202.48,200.51686,5.9414,33.7939,1027.50337,32.7776,1,56.39,1,2.387,1,
SKQ201915S,KOD9,B,2019-07-16T22:31:21,-149.9252,57.3227,1306,68,8,150.69,149.24769,6.375,33.3982,1026.89454,28.6544,1,46.825,1,2.137,1,
SKQ201915S,KOD9,B,2019-07-16T22:33:12,-149.9252,57.3227,1306,68,9,126.16,124.9599,6.4844,33.1966,1026.60731,26.3648,1,42.798,1,2.002,1,
SKQ201915S,KOD9,B,2019-07-16T22:34:57,-149.9252,57.3227,1306,68,10,100.85,99.89679,6.4057,32.83,1026.2112,21.4498,1,32.9005,1,1.715,1,
SKQ201915S,KOD9,B,2019-07-16T22:37:29,-149.9252,57.3227,1306,68,11,75.95,75.23668,6.4388,32.5422,1025.86469,16.9973,1,23.896,1,1.456,1,
SKQ201915S,KOD9,B,2019-07-16T22:39:44,-149.9252,57.3227,1306,68,12,50.56,50.08823,7.3296,32.3574,1025.48345,13.3427,1,19.226,1,1.243,1,
SKQ201915S,KOD9,B,2019-07-16T22:41:41,-149.9252,57.3227,1306,68,14,40.49,40.11317,7.828,32.3191,1025.33718,17.0485,1,23.605,1,1.437,1,
SKQ201915S,KOD9,B,2019-07-16T22:43:15,-149.9252,57.3227,1306,68,15,30.47,30.18716,8.6192,32.2821,1025.14594,8.76155,1,14.3515,1,1.009,1,
SKQ201915S,KOD9,B,2019-07-16T22:44:54,-149.9252,57.3227,1306,68,17,20.32,20.13187,10.1284,32.258,1024.84149,5.6209,1,9.016,1,0.776,1,
SKQ201915S,KOD9,B,2019-07-16T22:47:46,-149.9252,57.3227,1306,68,19,10.16,10.06618,11.8044,32.2202,1024.47283,2.5864,1,1.725,1,0.488,1,
SKQ201915S,KOD9,B,2019-07-16T22:49:42,-149.9252,57.3227,1306,68,22,3.96,3.92349,12.944,32.158,1024.1814,0.65685,1,3.071,1,0.379,1,
SKQ201915S,EATJ,B,2019-07-17T04:20:24,-150.1342,56.665,4975,69,2,1012.16,1000.4549,3.2204,34.3208,1031.98269,43.6738,1,133.3465,1,3.1725,1,
SKQ201915S,EATJ,B,2019-07-17T04:27:19,-150.1342,56.665,4975,69,3,758.52,750.20266,3.737,34.1886,1030.65137,43.7705,1,113.432,1,3.153,1,
SKQ201915S,EATJ,B,2019-07-17T04:34:03,-150.1342,56.665,4975,69,4,505.93,500.68586,4.362,33.9779,1029.24635,41.2203,1,87.798,1,2.964,1,
SKQ201915S,EATJ,B,2019-07-17T04:40:19,-150.1342,56.665,4975,69,5,253.49,251.01526,6.1224,33.8418,1027.75333,32.5711,1,54.3135,1,2.408,1,
SKQ201915S,EATJ,B,2019-07-17T04:43:18,-150.1342,56.665,4975,69,6,202.2,200.25082,6.4421,33.7697,1027.41736,32.8169,1,55.616,1,2.371,1,
SKQ201915S,EATJ,B,2019-07-17T04:45:48,-150.1342,56.665,4975,69,7,151.92,150.47382,6.7609,33.6191,1027.02277,31.4519,1,50.457,1,2.297,1,
SKQ201915S,EATJ,B,2019-07-17T04:48:05,-150.1342,56.665,4975,69,8,126.24,125.04606,6.8814,33.541,1026.8257,30.5283,1,49.523,1,2.26,1,
SKQ201915S,EATJ,B,2019-07-17T04:50:25,-150.1342,56.665,4975,69,9,101.18,100.22915,7.0494,33.3591,1026.54347,28.9771,1,45.315,1,2.209,1,
SKQ201915S,EATJ,B,2019-07-17T04:52:32,-150.1342,56.665,4975,69,10,75.7,74.99324,6.8751,33.0013,1026.16785,24.92765,1,37.0525,1,1.9135,1,
SKQ201915S,EATJ,B,2019-07-17T04:55:07,-150.1342,56.665,4975,69,11,50.27,49.80373,6.7801,32.456,1025.63343,13.9196,1,18.015,1,1.232,1,
SKQ201915S,EATJ,B,2019-07-17T04:56:58,-150.1342,56.665,4975,69,13,40.7,40.32343,7.2997,32.4103,1025.48351,10.602,1,15.865,1,1.082,1,
SKQ201915S,EATJ,B,2019-07-17T04:58:30,-150.1342,56.665,4975,69,14,30.45,30.16902,8.9999,32.3684,1025.15526,7.7842,1,11.869,1,0.902,1,
SKQ201915S,EATJ,B,2019-07-17T05:00:40,-150.1342,56.665,4975,69,16,20.42,20.23206,12.4549,32.3156,1024.47178,1.8614,1,5.54,1,0.48,1,
SKQ201915S,EATJ,B,2019-07-17T05:02:35,-150.1342,56.665,4975,69,19,9.88,9.78932,12.7721,32.3106,1024.35959,1.0682,1,4.258,1,0.414,1,
SKQ201915S,EATJ,B,2019-07-17T05:04:41,-150.1342,56.665,4975,69,22,4.26,4.22096,12.7744,32.3058,1024.3301,0.9516,1,3.934,1,0.386,1,
SKQ201915S,KOD10,B,2019-07-17T19:04:25,-149.7192,57.2038,2501,72,2,1518.88,1499.44249,2.3902,34.4894,1034.53281,43.068,1,154.922,1,3.118,1,
SKQ201915S,KOD10,B,2019-07-17T19:16:27,-149.7192,57.2038,2501,72,3,1011.86,1000.11358,3.0909,34.3428,1032.01403,43.3565,1,137.435,1,3.192,1,
SKQ201915S,KOD10,B,2019-07-17T19:23:14,-149.7192,57.2038,2501,72,4,757.57,749.23069,3.6117,34.2245,1030.69011,43.0363,1,116.917,1,3.153,1,
SKQ201915S,KOD10,B,2019-07-17T19:30:34,-149.7192,57.2038,2501,72,5,505.61,500.3468,4.1139,34.0592,1029.33827,39.79,1,90.6015,1,3.046,1,
SKQ201915S,KOD10,B,2019-07-17T19:37:28,-149.7192,57.2038,2501,72,6,252.39,249.91529,5.3819,33.8554,1027.85362,35.5949,1,66.25,1,2.575,1,
SKQ201915S,KOD10,B,2019-07-17T19:40:06,-149.7192,57.2038,2501,72,7,201.82,199.86557,5.7931,33.8018,1027.52551,33.8088,1,57.73,1,2.451,1,
SKQ201915S,KOD10,B,2019-07-17T19:42:58,-149.7192,57.2038,2501,72,8,151.84,150.38777,6.2145,33.537,1027.0303,29.8881,1,49.981,1,2.226,1,
SKQ201915S,KOD10,B,2019-07-17T19:45:03,-149.7192,57.2038,2501,72,9,126.21,125.01066,6.2452,33.1781,1026.62412,26.1422,1,44.381,1,2.013,1,
SKQ201915S,KOD10,B,2019-07-17T19:47:02,-149.7192,57.2038,2501,72,10,101.38,100.42266,6.3183,32.9224,1026.29776,22.5492,1,38.6275,1,1.8075,1,
SKQ201915S,KOD10,B,2019-07-17T19:49:15,-149.7192,57.2038,2501,72,11,76.72,76.00007,6.542,32.6293,1025.92358,12.5862,1,18.714,1,1.221,1,
SKQ201915S,KOD10,B,2019-07-17T19:51:28,-149.7192,57.2038,2501,72,12,50.32,49.85099,6.9499,32.4739,1025.62534,16.3562,1,24.17,1,1.417,1,
SKQ201915S,KOD10,B,2019-07-17T19:52:59,-149.7192,57.2038,2501,72,13,40.51,40.13338,7.0022,32.4252,1025.53462,15.1053,1,21.898,1,1.317,1,
SKQ201915S,KOD10,B,2019-07-17T19:54:46,-149.7192,57.2038,2501,72,16,30.88,30.59363,7.3417,32.3486,1025.3838,13.8576,1,20.608,1,1.27,1,
SKQ201915S,KOD10,B,2019-07-17T19:56:22,-149.7192,57.2038,2501,72,17,19.75,19.56737,8.567,32.2107,1025.04884,10.1802,1,16.996,1,1.057,1,
SKQ201915S,KOD10,B,2019-07-17T19:59:04,-149.7192,57.2038,2501,72,20,10.53,10.43286,12.9437,31.9607,1024.05841,0.9321,1,8.959,1,0.443,1,
SKQ201915S,KOD10,B,2019-07-17T20:01:08,-149.7192,57.2038,2501,72,23,3.45,3.41823,13.7336,31.7843,1023.73398,0.3204,1,10.106,1,0.358,1,
SKQ201915S,GAK1,B,2019-07-18T15:12:26,-149.467,59.8448,270,73,2,266.7,264.01849,5.9561,33.5363,1027.59511,30.67015,1,54.6735,1,2.316,1,
SKQ201915S,GAK1,B,2019-07-18T15:14:25,-149.467,59.8448,270,73,3,252.19,249.66314,5.9986,33.2694,1027.31206,30.3231,1,54.363,1,2.293,1,
SKQ201915S,GAK1,B,2019-07-18T15:17:11,-149.467,59.8448,270,73,4,201.85,199.85186,6.17,33.3541,1027.12333,28.8052,1,51.327,1,2.215,1,
SKQ201915S,GAK1,B,2019-07-18T15:19:24,-149.467,59.8448,270,73,5,151.65,150.16704,6.4492,32.9521,1026.53732,24.4749,1,43.218,1,2.012,1,
SKQ201915S,GAK1,B,2019-07-18T15:21:45,-149.467,59.8448,270,73,6,126.18,124.95381,6.5084,32.5874,1026.1241,19.2913,1,30.824,1,1.624,1,
SKQ201915S,GAK1,B,2019-07-18T15:23:44,-149.467,59.8448,270,73,7,101.09,100.11372,6.5643,32.3778,1025.83539,17.8519,1,28.274,1,1.524,1,
SKQ201915S,GAK1,B,2019-07-18T15:25:47,-149.467,59.8448,270,73,8,75.76,75.03295,7.3366,32.0075,1025.32386,14.97,1,23.217,1,1.344,1,
SKQ201915S,GAK1,B,2019-07-18T15:27:57,-149.467,59.8448,270,73,9,50.79,50.30563,8.2446,31.4742,1024.6622,10.2615,1,16.455,1,1.083,1,
SKQ201915S,GAK1,B,2019-07-18T15:29:27,-149.467,59.8448,270,73,10,40.36,39.97611,9.1085,31.4249,1024.44632,7.2776,1,14.707,1,0.9645,1,
SKQ201915S,GAK1,B,2019-07-18T15:31:12,-149.467,59.8448,270,73,11,30.19,29.90358,9.5768,31.2381,1024.18021,5.6248,1,13.66,1,0.888,1,
SKQ201915S,GAK1,B,2019-07-18T15:33:35,-149.467,59.8448,270,73,13,20.19,19.99894,13.9735,31.0637,1023.20455,3.8674,1,11.917,1,0.728,1,
SKQ201915S,GAK1,B,2019-07-18T15:38:35,-149.467,59.8448,270,73,15,10.0,9.90561,13.9044,30.6508,1022.85399,0.05355,1,9.019,1,0.318,1,
SKQ201915S,GAK1,B,2019-07-18T15:40:28,-149.467,59.8448,270,73,17,3.73,3.69485,14.0036,25.8844,1019.13132,0.0912,1,9.863,1,0.201,1,
SKQ201915S,RES2.5,B,2019-07-18T17:51:07,-149.358,60.0243,293,74,2,289.59,286.65837,6.2046,33.3202,1027.49788,27.81385,1,51.3935,1,2.1745,1,
SKQ201915S,RES2.5,B,2019-07-18T17:53:39,-149.358,60.0243,293,74,3,252.52,249.98604,6.2147,33.3011,1027.31035,27.7172,1,50.283,1,2.173,1,
SKQ201915S,RES2.5,B,2019-07-18T17:56:40,-149.358,60.0243,293,74,4,202.27,200.26461,6.2774,33.2124,1026.99951,26.8513,1,48.419,1,2.138,1,
SKQ201915S,RES2.5,B,2019-07-18T17:59:44,-149.358,60.0243,293,74,5,151.55,150.06589,6.4165,33.0244,1026.59807,25.2132,1,45.802,1,2.093,1,
SKQ201915S,RES2.5,B,2019-07-18T18:01:47,-149.358,60.0243,293,74,6,126.22,124.99162,6.4875,32.6308,1026.16118,21.3869,1,37.0785,1,1.805,1,
SKQ201915S,RES2.5,B,2019-07-18T18:03:40,-149.358,60.0243,293,74,7,101.12,100.14198,6.4388,32.2985,1025.78926,18.463,1,27.804,1,1.577,1,
SKQ201915S,RES2.5,B,2019-07-18T18:05:31,-149.358,60.0243,293,74,8,75.71,74.98236,6.5461,32.0167,1025.43572,16.3234,1,23.444,1,1.419,1,
SKQ201915S,RES2.5,B,2019-07-18T18:08:52,-149.358,60.0243,293,74,10,50.34,49.85926,6.958,31.5094,1024.86551,13.39495,1,17.0545,1,1.221,1,
SKQ201915S,RES2.5,B,2019-07-18T18:10:25,-149.358,60.0243,293,74,11,40.6,40.21322,7.1435,31.2909,1024.62405,11.2549,1,12.31,1,1.152,1,
SKQ201915S,RES2.5,B,2019-07-18T18:12:07,-149.358,60.0243,293,74,13,30.53,30.23989,8.7382,31.0117,1024.1338,2.2626,1,4.846,1,0.696,1,
SKQ201915S,RES2.5,B,2019-07-18T18:13:47,-149.358,60.0243,293,74,14,20.32,20.12741,10.5732,30.8175,1023.64487,0.2119,1,4.843,1,0.435,1,
SKQ201915S,RES2.5,B,2019-07-18T18:15:11,-149.358,60.0243,293,74,15,9.96,9.86585,12.0506,30.2764,1022.91904,0.16055,1,5.37,1,0.368,1,
SKQ201915S,RES2.5,B,2019-07-18T18:17:16,-149.358,60.0243,293,74,17,3.38,3.3481,13.7636,25.5005,1018.87978,0.2045,1,8.641,1,0.172,1,
