Cruise,Station,Type,Date_Time,Longitude_[decimal_degrees_east],Latitude_[decimal_degrees_north],Bottom_Depth_[m],Cast_Number,Depth_[m],Bottle_Number,<20_Chl_A_[ug/L],<20_Phaeo_[ug/L],>20_Chl_A_[ug/L],>20_Phaeo_[ug/L],Total_Chl_A_[ug/L],Total_Phaeo_[ug/L],Fraction Chl >20,Data flag
SKQ202110S,RES2.5,B,2021-06-28T02:00:02,-149.3572,60.0253,294,1,2.33,16,1.10,0.59,0.02,0.02,1.12,0.60,0.02,1
SKQ202110S,RES2.5,B,2021-06-28T01:58:16,-149.3572,60.0253,294,1,4.77,15,1.09,1.06,0.03,0.09,1.13,1.15,0.03,1
SKQ202110S,RES2.5,B,2021-06-28T01:56:32,-149.3572,60.0253,294,1,10.42,13,0.72,0.99,0.02,0.10,0.74,1.09,0.03,1
SKQ202110S,RES2.5,B,2021-06-28T01:54:47,-149.3572,60.0253,294,1,20.29,12,0.31,0.72,0.01,0.06,0.32,0.78,0.03,1
SKQ202110S,RES2.5,B,2021-06-28T01:53:05,-149.3572,60.0253,294,1,30.11,11,0.17,0.48,0.01,0.05,0.17,0.53,0.04,1
SKQ202110S,RES2.5,B,2021-06-28T01:51:24,-149.3572,60.0253,294,1,40.32,10,0.07,0.26,0.00,0.04,0.08,0.30,0.04,1
SKQ202110S,RES2.5,B,2021-06-28T01:49:37,-149.3572,60.0253,294,1,50.71,9,0.03,0.13,0.00,0.02,0.03,0.15,0.06,1
SKQ202110S,RES2.5,B,2021-06-28T01:47:21,-149.3572,60.0253,294,1,75.79,8,0.01,0.07,0.00,0.01,0.01,0.08,0.15,1
SKQ202110S,GAK1,B,2021-06-28T04:54:48,-149.4662,59.8457,268,2,1.91,17,1.93,0.64,0.05,0.07,1.98,0.71,0.02,1
SKQ202110S,GAK1,B,2021-06-28T04:52:40,-149.4662,59.8457,268,2,10.33,16,1.94,0.83,0.05,0.10,1.99,0.93,0.02,1
SKQ202110S,GAK1,B,2021-06-28T04:49:21,-149.4662,59.8457,268,2,20.26,13,0.83,0.64,0.02,0.09,0.86,0.73,0.03,1
SKQ202110S,GAK1,B,2021-06-28T04:47:34,-149.4662,59.8457,268,2,30.46,12,0.53,0.52,0.01,0.07,0.54,0.60,0.02,1
SKQ202110S,GAK1,B,2021-06-28T04:45:43,-149.4662,59.8457,268,2,40.22,11,0.45,0.37,0.01,0.04,0.46,0.41,0.02,1
SKQ202110S,GAK1,B,2021-06-28T04:43:50,-149.4662,59.8457,268,2,50.5,10,0.07,0.21,0.00,0.02,0.07,0.23,0.03,1
SKQ202110S,GAK1,B,2021-06-28T04:41:23,-149.4662,59.8457,268,2,75.92,9,0.02,0.12,0.00,0.01,0.03,0.14,0.07,1
SKQ202110S,GEO3,B,2021-06-29T17:57:48,-148.6812,59.0153,232,3,2.68,20,2.55,0.96,0.21,0.11,2.76,1.06,0.08,1
SKQ202110S,GEO3,B,2021-06-29T17:55:11,-148.6812,59.0153,232,3,10.29,17,2.57,0.90,0.21,0.10,2.78,1.00,0.08,1
SKQ202110S,GEO3,B,2021-06-29T17:53:05,-148.6812,59.0153,232,3,20.31,14,1.73,0.86,0.15,0.19,1.88,1.05,0.08,1
SKQ202110S,GEO3,B,2021-06-29T17:49:26,-148.6812,59.0153,232,3,30.09,10,0.36,0.25,0.03,0.10,0.39,0.35,0.08,1
SKQ202110S,GEO3,B,2021-06-29T17:47:34,-148.6812,59.0153,232,3,40.04,9,0.19,0.14,0.02,0.09,0.21,0.23,0.10,1
SKQ202110S,GEO3,B,2021-06-29T17:45:41,-148.6812,59.0153,232,3,50.61,8,0.13,0.11,0.01,0.04,0.14,0.16,0.07,1
SKQ202110S,GEO3,B,2021-06-29T17:43:12,-148.6812,59.0153,232,3,75.91,7,0.05,0.06,0.01,0.02,0.05,0.08,0.10,1
SKQ202110S,GAK15,B,2021-07-01T02:38:24,-147.4962,57.7893,4607,5,2.98,23,0.40,0.12,0.07,0.02,0.46,0.14,0.15,1
SKQ202110S,GAK15,B,2021-07-01T02:36:44,-147.4962,57.7893,4607,5,10.36,22,0.43,0.09,0.08,0.02,0.51,0.11,0.15,1
SKQ202110S,GAK15,B,2021-07-01T02:34:46,-147.4962,57.7893,4607,5,18.07,20,0.47,0.17,0.09,0.04,0.56,0.21,0.16,1
SKQ202110S,GAK15,B,2021-07-01T02:33:18,-147.4962,57.7893,4607,5,20.36,19,0.49,0.15,0.08,0.03,0.57,0.18,0.14,1
SKQ202110S,GAK15,B,2021-07-01T02:31:43,-147.4962,57.7893,4607,5,29.83,18,0.29,0.12,0.07,0.06,0.36,0.18,0.19,1
SKQ202110S,GAK15,B,2021-07-01T02:30:06,-147.4962,57.7893,4607,5,40.79,17,0.18,0.10,0.02,0.05,0.20,0.15,0.12,1
SKQ202110S,GAK15,B,2021-07-01T02:28:31,-147.4962,57.7893,4607,5,50.27,16,0.07,0.07,0.01,0.02,0.08,0.10,0.18,1
SKQ202110S,GAK15,B,2021-07-01T02:26:29,-147.4962,57.7893,4607,5,75.55,15,0.03,0.03,0.00,0.02,0.03,0.05,0.13,1
SKQ202110S,GAK14,B,2021-07-01T20:49:59,-147.6518,57.9437,3040,6,3.15,22,0.46,0.12,0.10,0.03,0.56,0.15,0.17,1
SKQ202110S,GAK14,B,2021-07-01T20:48:05,-147.6518,57.9437,3040,6,10.99,21,0.45,0.14,0.11,0.02,0.57,0.16,0.20,1
SKQ202110S,GAK14,B,2021-07-01T20:45:39,-147.6518,57.9437,3040,6,20.04,19,0.64,0.20,0.12,0.04,0.76,0.24,0.16,1
SKQ202110S,GAK14,B,2021-07-01T20:43:36,-147.6518,57.9437,3040,6,25.86,18,0.69,0.22,0.12,0.06,0.81,0.28,0.15,1
SKQ202110S,GAK14,B,2021-07-01T20:41:35,-147.6518,57.9437,3040,6,30.84,17,0.68,0.15,0.10,0.05,0.79,0.20,0.13,1
SKQ202110S,GAK14,B,2021-07-01T20:39:11,-147.6518,57.9437,3040,6,40.64,16,0.37,0.13,0.05,0.03,0.42,0.17,0.11,1
SKQ202110S,GAK14,B,2021-07-01T20:36:16,-147.6518,57.9437,3040,6,50.77,15,0.15,0.06,0.02,0.02,0.17,0.08,0.13,1
SKQ202110S,GAK14,B,2021-07-01T20:33:31,-147.6518,57.9437,3040,6,75.47,14,0.05,0.03,0.01,0.01,0.05,0.04,0.12,1
SKQ202110S,GAK13,B,2021-07-02T00:05:17,-147.7997,58.1032,2051,7,2.99,20,0.75,0.32,0.13,0.04,0.88,0.36,0.14,1
SKQ202110S,GAK13,B,2021-07-02T00:03:10,-147.7997,58.1032,2051,7,10.34,18,0.72,0.36,0.10,0.03,0.83,0.39,0.12,1
SKQ202110S,GAK13,B,2021-07-02T00:01:45,-147.7997,58.1032,2051,7,14.7,17,0.68,0.31,0.09,0.03,0.77,0.35,0.11,1
SKQ202110S,GAK13,B,2021-07-02T00:00:13,-147.7997,58.1032,2051,7,20.9,16,0.52,0.23,0.06,0.05,0.58,0.28,0.10,1
SKQ202110S,GAK13,B,2021-07-01T23:58:39,-147.7997,58.1032,2051,7,29.8,15,0.21,0.11,0.02,0.03,0.24,0.13,0.09,1
SKQ202110S,GAK13,B,2021-07-01T23:57:01,-147.7997,58.1032,2051,7,40.49,14,0.16,0.08,0.02,0.02,0.18,0.10,0.12,1
SKQ202110S,GAK13,B,2021-07-01T23:55:20,-147.7997,58.1032,2051,7,51.42,13,0.09,0.06,0.01,0.02,0.11,0.08,0.12,1
SKQ202110S,GAK13,B,2021-07-01T23:53:21,-147.7997,58.1032,2051,7,76.73,12,0.06,0.05,0.01,0.02,0.06,0.06,0.12,1
SKQ202110S,GAK12,B,2021-07-02T04:37:44,-147.9383,58.2417,2136,8,2.62,19,1.88,0.70,0.33,0.04,2.20,0.74,0.15,1
SKQ202110S,GAK12,B,2021-07-02T04:35:24,-147.9383,58.2417,2136,8,9.7,16,1.79,0.62,0.30,0.08,2.09,0.70,0.14,1
SKQ202110S,GAK12,B,2021-07-02T04:33:32,-147.9383,58.2417,2136,8,19.9,15,1.08,0.54,0.09,0.08,1.17,0.62,0.08,1
SKQ202110S,GAK12,B,2021-07-02T04:31:42,-147.9383,58.2417,2136,8,30.59,14,0.38,0.18,0.05,0.05,0.43,0.23,0.11,1
SKQ202110S,GAK12,B,2021-07-02T04:29:54,-147.9383,58.2417,2136,8,40.51,13,0.17,0.08,0.02,0.02,0.19,0.10,0.12,1
SKQ202110S,GAK12,B,2021-07-02T04:27:53,-147.9383,58.2417,2136,8,50.87,12,0.12,0.08,0.02,0.02,0.14,0.10,0.13,1
SKQ202110S,GAK12,B,2021-07-02T04:25:22,-147.9383,58.2417,2136,8,76.16,11,0.07,0.05,0.01,0.01,0.08,0.06,0.14,1
SKQ202110S,GAK9,B,2021-07-02T16:38:00,-148.35,58.6812,276,9,2.52,20,1.27,0.56,0.24,0.09,1.51,0.64,0.16,1
SKQ202110S,GAK9,B,2021-07-02T16:35:29,-148.35,58.6812,276,9,9.53,17,1.10,0.81,0.25,0.10,1.35,0.91,0.18,1
SKQ202110S,GAK9,B,2021-07-02T16:33:32,-148.35,58.6812,276,9,21.14,16,1.00,0.60,0.13,0.20,1.13,0.80,0.12,1
SKQ202110S,GAK9,B,2021-07-02T16:31:48,-148.35,58.6812,276,9,30.27,15,0.47,0.32,0.05,0.12,0.52,0.44,0.10,1
SKQ202110S,GAK9,B,2021-07-02T16:29:57,-148.35,58.6812,276,9,40.13,14,0.18,0.15,0.03,0.07,0.21,0.23,0.13,1
SKQ202110S,GAK9,B,2021-07-02T16:28:06,-148.35,58.6812,276,9,50.14,13,0.08,0.11,0.01,0.04,0.09,0.14,0.09,1
SKQ202110S,GAK9,B,2021-07-02T16:25:50,-148.35,58.6812,276,9,76.09,12,0.04,0.05,0.01,0.02,0.05,0.07,0.13,1
SKQ202110S,GAK10,B,2021-07-02T23:49:30,-148.2122,58.5407,1453,11,2.54,19,1.80,0.71,0.20,0.09,2.00,0.80,0.10,1
SKQ202110S,GAK10,B,2021-07-02T23:47:42,-148.2122,58.5407,1453,11,9.83,17,1.88,0.75,0.24,0.09,2.12,0.84,0.11,1
SKQ202110S,GAK10,B,2021-07-02T23:46:05,-148.2122,58.5407,1453,11,20.47,16,1.71,0.87,0.24,0.17,1.95,1.05,0.12,1
SKQ202110S,GAK10,B,2021-07-02T23:44:29,-148.2122,58.5407,1453,11,30.34,15,0.42,0.26,0.03,0.12,0.45,0.39,0.06,1
SKQ202110S,GAK10,B,2021-07-02T23:42:52,-148.2122,58.5407,1453,11,40.39,14,0.17,0.13,0.01,0.09,0.18,0.21,0.07,1
SKQ202110S,GAK10,B,2021-07-02T23:41:14,-148.2122,58.5407,1453,11,50.14,13,0.08,0.10,0.02,0.09,0.09,0.19,0.17,1
SKQ202110S,GAK10,B,2021-07-02T23:38:53,-148.2122,58.5407,1453,11,76.25,12,0.03,0.05,0.00,0.03,0.04,0.08,0.12,1
SKQ202110S,GAK11,B,2021-07-03T02:57:59,-148.0667,58.3883,1417,12,3.36,19,2.07,0.94,0.36,0.11,2.43,1.04,0.15,1
SKQ202110S,GAK11,B,2021-07-03T02:56:17,-148.0667,58.3883,1417,12,10.66,17,2.10,0.78,0.39,0.10,2.49,0.88,0.16,1
SKQ202110S,GAK11,B,2021-07-03T02:54:38,-148.0667,58.3883,1417,12,20.24,16,1.42,0.63,0.19,0.07,1.61,0.70,0.12,1
SKQ202110S,GAK11,B,2021-07-03T02:52:57,-148.0667,58.3883,1417,12,30.45,15,0.60,0.32,0.07,0.04,0.67,0.36,0.10,1
SKQ202110S,GAK11,B,2021-07-03T02:51:16,-148.0667,58.3883,1417,12,40.69,14,0.29,0.13,0.02,0.03,0.31,0.16,0.07,1
SKQ202110S,GAK11,B,2021-07-03T02:49:37,-148.0667,58.3883,1417,12,51.04,13,0.17,0.08,0.02,0.02,0.19,0.10,0.11,1
SKQ202110S,GAK11,B,2021-07-03T02:47:28,-148.0667,58.3883,1417,12,75.54,12,0.05,0.04,0.01,0.01,0.06,0.06,0.18,1
SKQ202110S,GAK5,B,2021-07-03T19:49:22,-148.9043,59.2625,167,14,2.36,17,1.51,0.62,0.01,0.07,1.53,0.69,0.01,1
SKQ202110S,GAK5,B,2021-07-03T19:47:13,-148.9043,59.2625,167,14,9.99,16,1.28,0.71,0.04,0.18,1.32,0.89,0.03,1
SKQ202110S,GAK5,B,2021-07-03T19:45:34,-148.9043,59.2625,167,14,12.98,13,0.90,0.46,0.02,0.13,0.92,0.59,0.02,1
SKQ202110S,GAK5,B,2021-07-03T19:44:01,-148.9043,59.2625,167,14,20.24,12,0.54,0.42,0.01,0.12,0.56,0.54,0.03,1
SKQ202110S,GAK5,B,2021-07-03T19:42:15,-148.9043,59.2625,167,14,29.69,11,0.37,0.32,0.02,0.10,0.38,0.42,0.04,1
SKQ202110S,GAK5,B,2021-07-03T19:40:35,-148.9043,59.2625,167,14,40.22,10,0.14,0.20,0.01,0.07,0.15,0.27,0.08,1
SKQ202110S,GAK5,B,2021-07-03T19:38:52,-148.9043,59.2625,167,14,50.74,9,0.04,0.16,0.00,0.07,0.04,0.23,0.11,1
SKQ202110S,GAK5,B,2021-07-03T19:36:31,-148.9043,59.2625,167,14,76.07,8,0.02,0.09,0.00,0.02,0.02,0.12,0.14,1
SKQ202110S,GAK6,B,2021-07-03T22:08:26,-148.7662,59.1157,150,15,1.97,14,1.21,0.57,0.04,0.06,1.25,0.62,0.03,1
SKQ202110S,GAK6,B,2021-07-03T22:06:08,-148.7662,59.1157,150,15,10.42,12,2.40,0.71,0.10,0.20,2.51,0.92,0.04,1
SKQ202110S,GAK6,B,2021-07-03T22:04:41,-148.7662,59.1157,150,15,13.03,11,2.26,0.83,0.12,0.25,2.38,1.08,0.05,1
SKQ202110S,GAK6,B,2021-07-03T22:03:07,-148.7662,59.1157,150,15,20.31,10,0.98,0.63,0.06,0.17,1.04,0.80,0.06,1
SKQ202110S,GAK6,B,2021-07-03T22:01:20,-148.7662,59.1157,150,15,30.57,9,0.34,0.30,0.03,0.10,0.36,0.40,0.07,1
SKQ202110S,GAK6,B,2021-07-03T21:59:33,-148.7662,59.1157,150,15,40.35,8,0.31,0.25,0.02,0.11,0.33,0.35,0.06,1
SKQ202110S,GAK6,B,2021-07-03T21:57:49,-148.7662,59.1157,150,15,50.7,7,0.11,0.12,0.01,0.04,0.11,0.16,0.07,1
SKQ202110S,GAK6,B,2021-07-03T21:55:31,-148.7662,59.1157,150,15,76.02,6,0.04,0.07,0.01,0.06,0.05,0.13,0.15,1
SKQ202110S,GAK7,B,2021-07-04T00:24:48,-148.6312,58.9722,240,16,2.8,16,1.80,0.57,0.12,0.08,1.92,0.65,0.06,1
SKQ202110S,GAK7,B,2021-07-04T00:23:03,-148.6312,58.9722,240,16,10.46,14,2.72,0.96,0.13,0.12,2.85,1.08,0.05,1
SKQ202110S,GAK7,B,2021-07-04T00:21:45,-148.6312,58.9722,240,16,13.21,13,2.00,0.63,0.05,0.08,2.05,0.71,0.02,1
SKQ202110S,GAK7,B,2021-07-04T00:20:08,-148.6312,58.9722,240,16,19.57,12,0.96,0.81,0.07,0.14,1.02,0.95,0.07,1
SKQ202110S,GAK7,B,2021-07-04T00:18:37,-148.6312,58.9722,240,16,30.87,11,0.50,0.33,0.05,0.15,0.55,0.49,0.08,1
SKQ202110S,GAK7,B,2021-07-04T00:16:56,-148.6312,58.9722,240,16,40.35,10,0.27,0.21,0.04,0.15,0.31,0.36,0.12,1
SKQ202110S,GAK7,B,2021-07-04T00:15:19,-148.6312,58.9722,240,16,50.5,9,0.17,0.09,0.02,0.08,0.18,0.17,0.09,1
SKQ202110S,GAK7,B,2021-07-04T00:13:14,-148.6312,58.9722,240,16,75.91,8,0.04,0.07,0.01,0.04,0.05,0.12,0.14,1
SKQ202110S,GAK8,B,2021-07-04T03:00:08,-148.4998,58.8075,290,17,2.53,17,1.41,0.63,0.42,0.12,1.83,0.75,0.23,1
SKQ202110S,GAK8,B,2021-07-04T02:58:16,-148.4998,58.8075,290,17,9.46,15,1.34,0.80,0.42,0.11,1.76,0.91,0.24,1
SKQ202110S,GAK8,B,2021-07-04T02:56:28,-148.4998,58.8075,290,17,21.09,14,1.56,0.81,0.31,0.13,1.87,0.94,0.16,1
SKQ202110S,GAK8,B,2021-07-04T02:54:53,-148.4998,58.8075,290,17,31.19,13,0.55,0.30,0.06,0.07,0.61,0.37,0.10,1
SKQ202110S,GAK8,B,2021-07-04T02:53:09,-148.4998,58.8075,290,17,40.7,12,0.17,0.11,0.02,0.03,0.19,0.14,0.09,1
SKQ202110S,GAK8,B,2021-07-04T02:51:30,-148.4998,58.8075,290,17,50.7,11,0.12,0.09,0.01,0.02,0.13,0.12,0.09,1
SKQ202110S,GAK8,B,2021-07-04T02:48:56,-148.4998,58.8075,290,17,75,10,0.07,0.04,0.01,0.02,0.08,0.06,0.11,1
SKQ202110S,GAK1,B,2021-07-04T18:36:50,-149.4698,59.8447,268,19,1.88,21,0.98,0.43,0.02,0.04,1.00,0.47,0.02,1
SKQ202110S,GAK1,B,2021-07-04T18:34:31,-149.4698,59.8447,268,19,10.1,19,2.49,0.84,0.04,0.13,2.53,0.96,0.01,1
SKQ202110S,GAK1,B,2021-07-04T18:33:07,-149.4698,59.8447,268,19,12.23,18,2.21,1.18,0.03,0.12,2.23,1.30,0.01,1
SKQ202110S,GAK1,B,2021-07-04T18:31:26,-149.4698,59.8447,268,19,20.07,16,1.14,0.68,0.02,0.09,1.15,0.77,0.01,1
SKQ202110S,GAK1,B,2021-07-04T18:29:52,-149.4698,59.8447,268,19,30.1,15,0.29,0.42,0.01,0.05,0.31,0.47,0.04,1
SKQ202110S,GAK1,B,2021-07-04T18:28:05,-149.4698,59.8447,268,19,40.42,14,0.18,0.32,0.01,0.04,0.19,0.36,0.04,1
SKQ202110S,GAK1,B,2021-07-04T18:26:27,-149.4698,59.8447,268,19,50.54,13,0.04,0.18,0.00,0.03,0.04,0.21,0.07,1
SKQ202110S,GAK1,B,2021-07-04T18:24:11,-149.4698,59.8447,268,19,75.9,12,0.01,0.07,0.00,0.01,0.01,0.09,0.16,1
SKQ202110S,GAK2,B,2021-07-04T21:39:51,-149.3265,59.6915,225,21,2.03,16,2.26,0.94,0.04,0.13,2.31,1.08,0.02,1
SKQ202110S,GAK2,B,2021-07-04T21:38:14,-149.3265,59.6915,225,21,5.14,15,2.40,1.10,0.05,0.16,2.45,1.26,0.02,1
SKQ202110S,GAK2,B,2021-07-04T21:36:23,-149.3265,59.6915,225,21,10.17,14,2.80,0.85,0.06,0.17,2.86,1.02,0.02,1
SKQ202110S,GAK2,B,2021-07-04T21:34:02,-149.3265,59.6915,225,21,20.41,12,0.48,0.51,0.01,0.05,0.49,0.56,0.03,1
SKQ202110S,GAK2,B,2021-07-04T21:31:51,-149.3265,59.6915,225,21,30.66,11,0.28,0.36,0.01,0.05,0.29,0.41,0.05,1
SKQ202110S,GAK2,B,2021-07-04T21:29:51,-149.3265,59.6915,225,21,40.8,10,0.23,0.29,0.01,0.03,0.24,0.31,0.03,1
SKQ202110S,GAK2,B,2021-07-04T21:28:03,-149.3265,59.6915,225,21,50.58,9,0.16,0.26,0.01,0.03,0.17,0.29,0.04,1
SKQ202110S,GAK2,B,2021-07-04T21:25:14,-149.3265,59.6915,225,21,75.7,8,0.03,0.12,0.00,0.02,0.04,0.14,0.10,1
SKQ202110S,GAK3,B,2021-07-05T00:27:29,-149.1812,59.5523,211,23,2.78,14,1.34,0.26,0.01,0.06,1.36,0.32,0.01,1
SKQ202110S,GAK3,B,2021-07-05T00:25:08,-149.1812,59.5523,211,23,10.3,11,2.35,0.59,0.07,0.27,2.42,0.86,0.03,1
SKQ202110S,GAK3,B,2021-07-05T00:23:26,-149.1812,59.5523,211,23,20.07,10,0.66,0.59,0.02,0.12,0.68,0.71,0.03,1
SKQ202110S,GAK3,B,2021-07-05T00:21:42,-149.1812,59.5523,211,23,30.61,9,0.18,0.25,0.01,0.05,0.18,0.30,0.03,1
SKQ202110S,GAK3,B,2021-07-05T00:20:06,-149.1812,59.5523,211,23,40.56,8,0.05,0.17,0.01,0.05,0.06,0.23,0.13,1
SKQ202110S,GAK3,B,2021-07-05T00:18:23,-149.1812,59.5523,211,23,50.31,7,0.03,0.13,0.01,0.05,0.04,0.18,0.15,1
SKQ202110S,GAK3,B,2021-07-05T00:15:58,-149.1812,59.5523,211,23,75.65,6,0.02,0.12,0.00,0.02,0.02,0.15,0.13,1
SKQ202110S,GAK4,B,2021-07-05T03:17:22,-149.0523,59.4087,200,25,3.17,15,1.72,0.65,0.22,0.08,1.94,0.73,0.12,1
SKQ202110S,GAK4,B,2021-07-05T03:15:34,-149.0523,59.4087,200,25,10.16,14,1.79,0.88,0.26,0.19,2.05,1.06,0.13,1
SKQ202110S,GAK4,B,2021-07-05T03:14:03,-149.0523,59.4087,200,25,12.48,12,2.07,1.08,0.29,0.22,2.35,1.30,0.12,1
SKQ202110S,GAK4,B,2021-07-05T03:12:24,-149.0523,59.4087,200,25,20.56,11,0.70,0.58,0.09,0.14,0.80,0.72,0.12,1
SKQ202110S,GAK4,B,2021-07-05T03:10:44,-149.0523,59.4087,200,25,30.22,10,0.13,0.17,0.02,0.04,0.15,0.21,0.13,1
SKQ202110S,GAK4,B,2021-07-05T03:09:08,-149.0523,59.4087,200,25,40.47,9,0.03,0.12,0.01,0.03,0.04,0.15,0.24,1
SKQ202110S,GAK4,B,2021-07-05T03:07:30,-149.0523,59.4087,200,25,50.57,8,0.02,0.11,0.00,0.02,0.03,0.14,0.15,1
SKQ202110S,GAK4,B,2021-07-05T03:04:58,-149.0523,59.4087,200,25,75.71,7,0.02,0.09,0.00,0.02,0.02,0.12,0.15,1
SKQ202110S,KOD10,B,2021-07-05T20:55:44,-149.7257,57.2043,2493,27,1.54,22,1.34,0.45,0.39,0.08,1.73,0.53,0.23,1
SKQ202110S,KOD10,B,2021-07-05T20:52:59,-149.7257,57.2043,2493,27,9.67,19,1.52,0.34,0.41,0.12,1.93,0.46,0.21,1
SKQ202110S,KOD10,B,2021-07-05T20:51:24,-149.7257,57.2043,2493,27,12.53,18,2.29,0.63,0.50,0.19,2.79,0.82,0.18,1
SKQ202110S,KOD10,B,2021-07-05T20:49:04,-149.7257,57.2043,2493,27,20.34,16,2.02,0.62,0.51,0.12,2.53,0.74,0.20,1
SKQ202110S,KOD10,B,2021-07-05T20:47:02,-149.7257,57.2043,2493,27,30.14,15,0.35,0.17,0.02,0.07,0.37,0.24,0.06,1
SKQ202110S,KOD10,B,2021-07-05T20:44:49,-149.7257,57.2043,2493,27,41.26,13,0.18,0.12,0.02,0.06,0.20,0.18,0.10,1
SKQ202110S,KOD10,B,2021-07-05T20:42:43,-149.7257,57.2043,2493,27,50.54,12,0.17,0.09,0.02,0.05,0.20,0.14,0.11,1
SKQ202110S,KOD10,B,2021-07-05T20:40:01,-149.7257,57.2043,2493,27,75.9,11,0.02,0.04,0.00,0.01,0.03,0.05,0.16,1
SKQ202110S,KOD9,B,2021-07-06T00:35:53,-149.9275,57.3217,1308,28,3.29,20,0.88,0.42,0.16,0.03,1.04,0.45,0.15,1
SKQ202110S,KOD9,B,2021-07-06T00:34:14,-149.9275,57.3217,1308,28,10.31,19,1.05,0.47,0.22,0.08,1.27,0.55,0.17,1
SKQ202110S,KOD9,B,2021-07-06T00:32:09,-149.9275,57.3217,1308,28,20.56,16,1.38,0.65,0.20,0.10,1.58,0.75,0.12,1
SKQ202110S,KOD9,B,2021-07-06T00:30:25,-149.9275,57.3217,1308,28,30.46,15,0.66,0.29,0.03,0.04,0.69,0.32,0.04,1
SKQ202110S,KOD9,B,2021-07-06T00:28:51,-149.9275,57.3217,1308,28,40.03,14,0.13,0.08,0.01,0.01,0.14,0.10,0.04,1
SKQ202110S,KOD9,B,2021-07-06T00:27:10,-149.9275,57.3217,1308,28,50.76,13,0.03,0.04,0.00,0.01,0.04,0.05,0.08,1
SKQ202110S,KOD9,B,2021-07-06T00:24:54,-149.9275,57.3217,1308,28,76.02,12,0.02,0.04,0.00,0.01,0.02,0.05,0.07,1
SKQ202110S,KOD8,B,2021-07-06T03:03:06,-150.1298,57.4402,715,29,3.51,18,0.82,0.36,0.09,0.02,0.90,0.39,0.10,1
SKQ202110S,KOD8,B,2021-07-06T03:01:19,-150.1298,57.4402,715,29,10.11,17,0.94,0.44,0.08,0.06,1.02,0.50,0.08,1
SKQ202110S,KOD8,B,2021-07-06T02:59:40,-150.1298,57.4402,715,29,15.46,15,1.07,0.75,0.10,0.06,1.17,0.81,0.08,1
SKQ202110S,KOD8,B,2021-07-06T02:58:11,-150.1298,57.4402,715,29,20,14,1.11,0.59,0.09,0.08,1.20,0.66,0.08,1
SKQ202110S,KOD8,B,2021-07-06T02:56:36,-150.1298,57.4402,715,29,30.43,13,0.57,0.47,0.03,0.06,0.59,0.53,0.04,1
SKQ202110S,KOD8,B,2021-07-06T02:55:01,-150.1298,57.4402,715,29,40.47,12,0.22,0.30,0.02,0.08,0.23,0.38,0.07,1
SKQ202110S,KOD8,B,2021-07-06T02:53:24,-150.1298,57.4402,715,29,50.31,11,0.09,0.14,0.01,0.03,0.10,0.17,0.06,1
SKQ202110S,KOD8,B,2021-07-06T02:51:12,-150.1298,57.4402,715,29,75.57,10,0.01,0.08,0.00,0.02,0.01,0.10,0.20,1
SKQ202110S,KOD7,B,2021-07-06T05:46:23,-150.3367,57.5557,185,30,2.32,14,1.10,0.46,0.08,0.04,1.19,0.50,0.07,1
SKQ202110S,KOD7,B,2021-07-06T05:44:23,-150.3367,57.5557,185,30,10.12,13,1.40,0.53,0.06,0.05,1.46,0.58,0.04,1
SKQ202110S,KOD7,B,2021-07-06T05:42:45,-150.3367,57.5557,185,30,14.25,11,0.88,0.29,0.04,0.02,0.92,0.31,0.04,1
SKQ202110S,KOD7,B,2021-07-06T05:41:15,-150.3367,57.5557,185,30,20.16,10,0.76,0.29,0.03,0.02,0.79,0.31,0.04,1
SKQ202110S,KOD7,B,2021-07-06T05:39:30,-150.3367,57.5557,185,30,30.05,9,0.53,0.30,0.02,0.03,0.55,0.33,0.03,1
SKQ202110S,KOD7,B,2021-07-06T05:37:49,-150.3367,57.5557,185,30,39.9,8,0.31,0.16,0.01,0.02,0.32,0.18,0.03,1
SKQ202110S,KOD7,B,2021-07-06T05:35:57,-150.3367,57.5557,185,30,50.67,7,0.19,0.09,0.01,0.01,0.20,0.10,0.06,1
SKQ202110S,KOD7,B,2021-07-06T05:33:38,-150.3367,57.5557,185,30,75.71,6,0.09,0.04,0.00,0.01,0.09,0.04,0.03,1
SKQ202110S,KOD6,B,2021-07-06T17:51:33,-150.5513,57.6713,100,31,2.3,13,0.87,0.31,2.89,0.35,3.76,0.66,0.77,1
SKQ202110S,KOD6,B,2021-07-06T17:48:48,-150.5513,57.6713,100,31,10.14,10,0.85,0.31,2.89,0.41,3.73,0.72,0.77,1
SKQ202110S,KOD6,B,2021-07-06T17:47:03,-150.5513,57.6713,100,31,19.89,9,0.81,0.32,3.90,0.60,4.71,0.92,0.83,1
SKQ202110S,KOD6,B,2021-07-06T17:45:11,-150.5513,57.6713,100,31,30.13,7,0.48,0.46,8.06,1.59,8.55,2.05,0.94,1
SKQ202110S,KOD6,B,2021-07-06T17:43:31,-150.5513,57.6713,100,31,40.69,6,0.22,0.34,1.03,0.39,1.25,0.73,0.82,1
SKQ202110S,KOD6,B,2021-07-06T17:41:46,-150.5513,57.6713,100,31,50.6,5,0.11,0.22,0.15,0.11,0.26,0.33,0.59,1
SKQ202110S,KOD6,B,2021-07-06T17:39:20,-150.5513,57.6713,100,31,75.71,4,0.04,0.25,0.03,0.08,0.07,0.32,0.46,1
SKQ202110S,KOD5,B,2021-07-06T21:39:12,-150.741,57.793,89,33,2.18,13,1.04,0.29,1.91,0.22,2.94,0.51,0.65,1
SKQ202110S,KOD5,B,2021-07-06T21:36:37,-150.741,57.793,89,33,10.55,12,1.01,0.30,2.24,0.08,3.25,0.39,0.69,1
SKQ202110S,KOD5,B,2021-07-06T21:34:29,-150.741,57.793,89,33,18.26,9,0.95,0.32,4.47,0.94,5.42,1.26,0.82,1
SKQ202110S,KOD5,B,2021-07-06T21:33:03,-150.741,57.793,89,33,20.54,8,0.40,0.30,5.91,1.53,6.32,1.83,0.94,1
SKQ202110S,KOD5,B,2021-07-06T21:31:16,-150.741,57.793,89,33,30.4,7,0.08,0.31,0.57,0.29,0.65,0.60,0.87,1
SKQ202110S,KOD5,B,2021-07-06T21:29:23,-150.741,57.793,89,33,40.53,6,0.05,0.30,0.11,0.12,0.15,0.42,0.70,1
SKQ202110S,KOD5,B,2021-07-06T21:27:39,-150.741,57.793,89,33,50.63,5,0.05,0.30,0.09,0.15,0.13,0.45,0.64,1
SKQ202110S,KOD5,B,2021-07-06T21:25:17,-150.741,57.793,89,33,76.17,4,0.04,0.24,0.04,0.08,0.08,0.33,0.54,1
SKQ202110S,KOD4,B,2021-07-06T23:22:10,-150.9637,57.9002,76,34,2.31,12,1.14,0.30,4.44,0.32,5.58,0.62,0.80,1
SKQ202110S,KOD4,B,2021-07-06T23:19:54,-150.9637,57.9002,76,34,8.36,10,1.55,0.34,6.00,0.62,7.54,0.97,0.79,1
SKQ202110S,KOD4,B,2021-07-06T23:18:19,-150.9637,57.9002,76,34,10.3,8,1.61,0.52,7.67,0.37,9.27,0.88,0.83,1
SKQ202110S,KOD4,B,2021-07-06T23:16:39,-150.9637,57.9002,76,34,20.14,7,0.60,0.34,4.55,0.86,5.15,1.20,0.88,1
SKQ202110S,KOD4,B,2021-07-06T23:14:56,-150.9637,57.9002,76,34,30.55,6,0.18,0.30,1.54,0.21,1.72,0.51,0.90,1
SKQ202110S,KOD4,B,2021-07-06T23:13:10,-150.9637,57.9002,76,34,41.04,5,0.08,0.25,0.64,0.25,0.72,0.50,0.88,1
SKQ202110S,KOD4,B,2021-07-06T23:11:23,-150.9637,57.9002,76,34,50.43,4,0.06,0.24,0.17,0.12,0.22,0.36,0.75,1
SKQ202110S,KOD4,B,2021-07-06T23:09:05,-150.9637,57.9002,76,34,72.07,3,0.04,0.24,0.04,0.08,0.08,0.32,0.51,1
SKQ202110S,KOD3,B,2021-07-07T01:13:37,-151.1705,58.0153,82,35,2.82,10,0.74,0.34,9.39,1.14,10.13,1.48,0.93,1
SKQ202110S,KOD3,B,2021-07-07T01:11:14,-151.1705,58.0153,82,35,10.01,8,0.69,0.32,9.73,1.36,10.42,1.68,0.93,1
SKQ202110S,KOD3,B,2021-07-07T01:09:44,-151.1705,58.0153,82,35,14.93,7,0.67,0.39,9.87,1.69,10.54,2.08,0.94,1
SKQ202110S,KOD3,B,2021-07-07T01:08:11,-151.1705,58.0153,82,35,20.4,6,0.30,0.35,6.56,0.85,6.86,1.20,0.96,1
SKQ202110S,KOD3,B,2021-07-07T01:06:38,-151.1705,58.0153,82,35,30.03,5,0.12,0.29,1.34,0.18,1.46,0.47,0.92,1
SKQ202110S,KOD3,B,2021-07-07T01:05:04,-151.1705,58.0153,82,35,40.48,4,0.08,0.21,0.06,0.11,0.14,0.32,0.41,1
SKQ202110S,KOD3,B,2021-07-07T01:03:17,-151.1705,58.0153,82,35,50.65,3,0.08,0.19,0.04,0.06,0.12,0.25,0.36,1
SKQ202110S,KOD3,B,2021-07-07T01:01:13,-151.1705,58.0153,82,35,76.26,2,0.04,0.17,0.02,0.04,0.06,0.21,0.34,1
SKQ202110S,KOD2,B,2021-07-07T03:24:20,-151.3837,58.1288,125,36,2.69,13,1.29,0.46,0.06,0.07,1.35,0.53,0.05,1
SKQ202110S,KOD2,B,2021-07-07T03:22:22,-151.3837,58.1288,125,36,10.07,12,1.39,0.50,0.09,0.07,1.47,0.56,0.06,1
SKQ202110S,KOD2,B,2021-07-07T03:20:42,-151.3837,58.1288,125,36,15.04,10,1.58,0.49,0.12,0.09,1.70,0.57,0.07,1
SKQ202110S,KOD2,B,2021-07-07T03:19:13,-151.3837,58.1288,125,36,19.9,9,1.21,0.42,0.15,0.12,1.35,0.54,0.11,1
SKQ202110S,KOD2,B,2021-07-07T03:17:39,-151.3837,58.1288,125,36,30.36,8,0.26,0.25,0.11,0.12,0.37,0.37,0.29,1
SKQ202110S,KOD2,B,2021-07-07T03:16:01,-151.3837,58.1288,125,36,40.73,7,0.14,0.21,0.10,0.15,0.24,0.36,0.42,1
SKQ202110S,KOD2,B,2021-07-07T03:14:28,-151.3837,58.1288,125,36,50.83,6,0.09,0.24,0.08,0.09,0.16,0.33,0.47,1
SKQ202110S,KOD2,B,2021-07-07T03:12:23,-151.3837,58.1288,125,36,75.75,5,0.07,0.16,0.05,0.05,0.12,0.21,0.40,1
SKQ202110S,KOD1,B,2021-07-07T05:30:05,-151.5902,58.2437,71,37,2.23,9,1.36,0.48,2.19,0.47,3.56,0.95,0.62,1
SKQ202110S,KOD1,B,2021-07-07T05:27:34,-151.5902,58.2437,71,37,10.07,7,0.93,0.45,2.40,0.63,3.33,1.08,0.72,1
SKQ202110S,KOD1,B,2021-07-07T05:25:50,-151.5902,58.2437,71,37,20.1,6,0.42,0.44,1.35,0.40,1.77,0.84,0.76,1
SKQ202110S,KOD1,B,2021-07-07T05:24:09,-151.5902,58.2437,71,37,30.28,5,0.35,0.36,1.03,0.19,1.38,0.55,0.74,1
SKQ202110S,KOD1,B,2021-07-07T05:22:23,-151.5902,58.2437,71,37,40.7,4,0.34,0.41,1.08,0.36,1.42,0.78,0.76,1
SKQ202110S,KOD1,B,2021-07-07T05:20:43,-151.5902,58.2437,71,37,50.56,3,0.34,0.34,1.11,0.17,1.45,0.52,0.77,1
SKQ202110S,KOD1,B,2021-07-07T05:18:41,-151.5902,58.2437,71,37,66.64,2,0.22,0.32,0.71,0.16,0.94,0.48,0.76,1
SKQ202110S,MID10,B,2021-07-08T17:38:56,-146.0013,58.9097,4444,38,1.53,22,0.23,0.09,0.09,0.02,0.32,0.11,0.27,1
SKQ202110S,MID10,B,2021-07-08T17:36:36,-146.0013,58.9097,4444,38,10.08,19,0.27,0.10,0.08,0.02,0.34,0.13,0.23,1
SKQ202110S,MID10,B,2021-07-08T17:34:46,-146.0013,58.9097,4444,38,20.39,18,0.30,0.14,0.12,0.07,0.42,0.21,0.28,1
SKQ202110S,MID10,B,2021-07-08T17:32:36,-146.0013,58.9097,4444,38,30.5,16,0.34,0.18,0.31,0.15,0.65,0.33,0.48,1
SKQ202110S,MID10,B,2021-07-08T17:31:10,-146.0013,58.9097,4444,38,33.44,15,0.38,0.17,0.13,0.09,0.52,0.26,0.26,1
SKQ202110S,MID10,B,2021-07-08T17:29:13,-146.0013,58.9097,4444,38,40.44,13,0.35,0.16,0.08,0.05,0.43,0.21,0.19,1
SKQ202110S,MID10,B,2021-07-08T17:27:28,-146.0013,58.9097,4444,38,50.71,12,0.18,0.14,0.03,0.03,0.21,0.17,0.14,1
SKQ202110S,MID10,B,2021-07-08T17:25:07,-146.0013,58.9097,4444,38,75.9,11,0.08,0.06,0.01,0.01,0.09,0.07,0.10,1
SKQ202110S,MID9,B,2021-07-08T23:04:02,-146.1002,59.0677,2966,40,2,20,1.32,0.10,0.76,0.25,2.08,0.35,0.37,1
SKQ202110S,MID9,B,2021-07-08T23:01:24,-146.1002,59.0677,2966,40,10.18,17,0.70,0.18,0.18,0.04,0.89,0.22,0.20,1
SKQ202110S,MID9,B,2021-07-08T22:59:49,-146.1002,59.0677,2966,40,17.24,16,0.46,0.21,0.04,0.02,0.50,0.23,0.07,1
SKQ202110S,MID9,B,2021-07-08T22:58:22,-146.1002,59.0677,2966,40,20.15,15,0.50,0.22,0.04,0.02,0.53,0.23,0.07,1
SKQ202110S,MID9,B,2021-07-08T22:56:27,-146.1002,59.0677,2966,40,30.02,14,0.35,0.19,0.04,0.03,0.39,0.21,0.09,1
SKQ202110S,MID9,B,2021-07-08T22:54:45,-146.1002,59.0677,2966,40,40.07,13,0.24,0.09,0.02,0.01,0.26,0.11,0.06,1
SKQ202110S,MID9,B,2021-07-08T22:52:56,-146.1002,59.0677,2966,40,50.54,12,0.13,0.07,0.02,0.01,0.15,0.08,0.11,1
SKQ202110S,MID9,B,2021-07-08T22:50:33,-146.1002,59.0677,2966,40,76.01,11,0.03,0.03,0.00,0.01,0.03,0.03,0.10,1
SKQ202110S,MID8,B,2021-07-09T01:33:16,-146.201,59.2275,610,41,3.2,18,0.65,0.20,0.06,0.03,0.70,0.22,0.08,1
SKQ202110S,MID8,B,2021-07-09T01:31:21,-146.201,59.2275,610,41,10.22,16,0.64,0.21,0.06,0.02,0.70,0.23,0.08,1
SKQ202110S,MID8,B,2021-07-09T01:29:30,-146.201,59.2275,610,41,20.51,14,0.52,0.22,0.04,0.03,0.56,0.25,0.07,1
SKQ202110S,MID8,B,2021-07-09T01:27:47,-146.201,59.2275,610,41,29.98,13,0.46,0.20,0.03,0.02,0.49,0.23,0.07,1
SKQ202110S,MID8,B,2021-07-09T01:26:16,-146.201,59.2275,610,41,40.84,12,0.23,0.13,0.02,0.03,0.26,0.16,0.09,1
SKQ202110S,MID8,B,2021-07-09T01:24:38,-146.201,59.2275,610,41,50.72,11,0.15,0.08,0.01,0.02,0.16,0.10,0.09,1
SKQ202110S,MID8,B,2021-07-09T01:22:37,-146.201,59.2275,610,41,75.71,10,0.09,0.05,0.01,0.01,0.10,0.06,0.12,1
SKQ202110S,MID7,B,2021-07-09T04:37:33,-146.2988,59.3758,57,43,2.02,10,0.61,0.24,0.04,0.05,0.64,0.29,0.05,1
SKQ202110S,MID7,B,2021-07-09T04:35:23,-146.2988,59.3758,57,43,9.9,8,0.96,0.42,0.08,0.09,1.04,0.51,0.08,1
SKQ202110S,MID7,B,2021-07-09T04:33:44,-146.2988,59.3758,57,43,20.3,7,0.74,0.45,0.10,0.11,0.85,0.56,0.12,1
SKQ202110S,MID7,B,2021-07-09T04:32:02,-146.2988,59.3758,57,43,30.08,6,0.54,0.34,0.27,0.11,0.81,0.45,0.33,1
SKQ202110S,MID7,B,2021-07-09T04:30:25,-146.2988,59.3758,57,43,40.27,5,0.35,0.31,0.21,0.12,0.56,0.43,0.37,1
SKQ202110S,MID7,B,2021-07-09T04:28:41,-146.2988,59.3758,57,43,50.32,4,0.26,0.26,0.10,0.09,0.36,0.36,0.27,1
SKQ202110S,MID7,B,2021-07-09T04:26:49,-146.2988,59.3758,57,43,66.11,3,0.27,0.25,0.11,0.06,0.37,0.32,0.29,1
SKQ202110S,MID1,B,2021-07-09T16:04:26,-145.5028,60.2485,18,45,1.88,5,0.35,0.16,0.03,0.00,0.38,0.15,0.08,1
SKQ202110S,MID1,B,2021-07-09T16:02:00,-145.5028,60.2485,18,45,10.26,3,0.71,0.28,0.02,0.00,0.73,0.28,0.02,1
SKQ202110S,MID1,B,2021-07-09T16:00:11,-145.5028,60.2485,18,45,13.99,1,0.50,0.29,0.01,0.00,0.51,0.29,0.02,1
SKQ202110S,MID2,B,2021-07-09T20:45:22,-145.6497,60.1017,118,48,1.68,14,0.26,0.06,0.01,0.01,0.27,0.07,0.03,1
SKQ202110S,MID2,B,2021-07-09T20:43:20,-145.6497,60.1017,118,48,10.16,13,0.49,0.18,0.03,0.04,0.51,0.22,0.05,1
SKQ202110S,MID2,B,2021-07-09T20:41:21,-145.6497,60.1017,118,48,17.38,10,1.92,0.69,0.04,0.15,1.97,0.84,0.02,1
SKQ202110S,MID2,B,2021-07-09T20:39:53,-145.6497,60.1017,118,48,20.37,9,0.76,0.38,0.04,0.09,0.80,0.47,0.05,1
SKQ202110S,MID2,B,2021-07-09T20:38:03,-145.6497,60.1017,118,48,30.06,8,0.36,0.24,0.02,0.05,0.38,0.30,0.06,1
SKQ202110S,MID2,B,2021-07-09T20:36:29,-145.6497,60.1017,118,48,40.07,7,0.11,0.16,0.04,0.07,0.16,0.23,0.28,1
SKQ202110S,MID2,B,2021-07-09T20:34:47,-145.6497,60.1017,118,48,50.49,6,0.03,0.06,0.01,0.02,0.03,0.08,0.17,1
SKQ202110S,MID2,B,2021-07-09T20:32:36,-145.6497,60.1017,118,48,75.35,5,0.03,0.06,0.01,0.01,0.04,0.07,0.28,1
SKQ202110S,MID3,B,2021-07-09T23:08:12,-145.7993,59.9497,87,50,1.94,11,0.25,0.09,0.02,0.01,0.26,0.09,0.07,1
SKQ202110S,MID3,B,2021-07-09T23:06:04,-145.7993,59.9497,87,50,9.89,10,0.54,0.23,0.02,0.04,0.56,0.27,0.04,1
SKQ202110S,MID3,B,2021-07-09T23:04:18,-145.7993,59.9497,87,50,16.27,8,0.83,0.46,0.07,0.11,0.89,0.57,0.07,1
SKQ202110S,MID3,B,2021-07-09T23:02:45,-145.7993,59.9497,87,50,20.14,7,0.22,0.15,0.07,0.04,0.28,0.19,0.23,1
SKQ202110S,MID3,B,2021-07-09T23:00:57,-145.7993,59.9497,87,50,30.42,6,0.13,0.18,0.12,0.06,0.25,0.23,0.47,1
SKQ202110S,MID3,B,2021-07-09T22:59:22,-145.7993,59.9497,87,50,40.71,5,0.08,0.16,0.06,0.05,0.14,0.21,0.43,1
SKQ202110S,MID3,B,2021-07-09T22:57:47,-145.7993,59.9497,87,50,50.4,4,0.03,0.12,0.02,0.04,0.05,0.16,0.42,1
SKQ202110S,MID3,B,2021-07-09T22:55:30,-145.7993,59.9497,87,50,75.81,3,0.03,0.14,0.03,0.03,0.05,0.16,0.47,1
SKQ202110S,MID4,B,2021-07-10T01:13:52,-145.9327,59.7988,90,52,2.36,12,0.26,0.08,0.02,0.01,0.27,0.09,0.06,1
SKQ202110S,MID4,B,2021-07-10T01:11:33,-145.9327,59.7988,90,52,10.19,10,0.38,0.12,0.02,0.02,0.41,0.14,0.05,1
SKQ202110S,MID4,B,2021-07-10T01:09:56,-145.9327,59.7988,90,52,20.26,9,1.27,0.46,0.06,0.09,1.33,0.56,0.05,1
SKQ202110S,MID4,B,2021-07-10T01:08:16,-145.9327,59.7988,90,52,29.96,8,0.55,0.30,0.02,0.05,0.58,0.35,0.04,1
SKQ202110S,MID4,B,2021-07-10T01:06:40,-145.9327,59.7988,90,52,40.22,7,0.50,0.42,0.14,0.10,0.64,0.53,0.22,1
SKQ202110S,MID4,B,2021-07-10T01:04:38,-145.9327,59.7988,90,52,50.55,5,0.12,0.38,0.11,0.09,0.23,0.47,0.48,1
SKQ202110S,MID4,B,2021-07-10T01:02:29,-145.9327,59.7988,90,52,76.27,4,0.08,0.22,0.05,0.06,0.13,0.29,0.38,1
SKQ202110S,MID5,B,2021-07-10T03:29:41,-146.1003,59.6495,95,54,2.97,12,0.27,0.09,0.02,0.01,0.30,0.10,0.08,1
SKQ202110S,MID5,B,2021-07-10T03:27:45,-146.1003,59.6495,95,54,10.14,10,0.78,0.31,0.02,0.06,0.80,0.37,0.03,1
SKQ202110S,MID5,B,2021-07-10T03:26:16,-146.1003,59.6495,95,54,17.39,9,0.56,0.28,0.01,0.06,0.57,0.34,0.02,1
SKQ202110S,MID5,B,2021-07-10T03:25:01,-146.1003,59.6495,95,54,20.26,8,0.35,0.24,0.01,0.05,0.36,0.29,0.03,1
SKQ202110S,MID5,B,2021-07-10T03:23:25,-146.1003,59.6495,95,54,30.33,7,0.15,0.20,0.01,0.03,0.16,0.23,0.06,1
SKQ202110S,MID5,B,2021-07-10T03:21:48,-146.1003,59.6495,95,54,39.92,6,0.21,0.25,0.06,0.05,0.27,0.30,0.21,1
SKQ202110S,MID5,B,2021-07-10T03:20:13,-146.1003,59.6495,95,54,50.29,5,0.67,0.57,0.50,0.38,1.17,0.95,0.43,1
SKQ202110S,MID5,B,2021-07-10T03:16:36,-146.1003,59.6495,95,54,75.3,3,0.14,0.14,0.01,0.02,0.15,0.16,0.06,1
SKQ202110S,MID6,B,2021-07-10T05:33:27,-146.2502,59.5005,35,56,1.84,7,0.98,0.42,0.15,0.09,1.12,0.51,0.13,1
SKQ202110S,MID6,B,2021-07-10T05:31:07,-146.2502,59.5005,35,56,10.28,5,1.10,0.44,0.21,0.25,1.31,0.69,0.16,1
SKQ202110S,MID6,B,2021-07-10T05:29:08,-146.2502,59.5005,35,56,20.52,3,0.83,0.57,0.55,0.29,1.38,0.86,0.40,1
SKQ202110S,MID6,B,2021-07-10T05:27:25,-146.2502,59.5005,35,56,30.39,2,0.74,0.64,0.64,0.43,1.38,1.08,0.47,1
SKQ202110S,MID5,B,2021-07-10T20:46:54,-146.0935,59.6598,92,58,2.77,13,0.62,0.27,0.02,0.03,0.64,0.31,0.03,1
SKQ202110S,MID5,B,2021-07-10T20:44:14,-146.0935,59.6598,92,58,10.25,10,0.81,0.34,0.03,0.05,0.84,0.38,0.03,1
SKQ202110S,MID5,B,2021-07-10T20:41:20,-146.0935,59.6598,92,58,20.07,8,0.79,0.42,0.02,0.10,0.81,0.51,0.03,1
SKQ202110S,MID5,B,2021-07-10T20:39:45,-146.0935,59.6598,92,58,30.7,7,0.09,0.19,0.00,0.03,0.10,0.21,0.05,1
SKQ202110S,MID5,B,2021-07-10T20:38:08,-146.0935,59.6598,92,58,40.36,6,0.05,0.16,0.00,0.02,0.06,0.18,0.04,1
SKQ202110S,MID5,B,2021-07-10T20:36:34,-146.0935,59.6598,92,58,50.76,5,0.05,0.16,0.00,0.03,0.06,0.18,0.07,1
SKQ202110S,MID5,B,2021-07-10T20:34:20,-146.0935,59.6598,92,58,75.69,4,0.10,0.11,0.00,0.02,0.10,0.13,0.04,1
SKQ202110S,PWS3,B,2021-07-11T05:18:46,-147.6678,60.6697,741,59,2.18,18,1.30,0.38,0.06,0.04,1.36,0.42,0.05,1
SKQ202110S,PWS3,B,2021-07-11T05:16:19,-147.6678,60.6697,741,59,10.29,15,1.27,0.59,0.07,0.04,1.34,0.63,0.05,1
SKQ202110S,PWS3,B,2021-07-11T05:14:28,-147.6678,60.6697,741,59,20.24,14,0.70,0.30,0.04,0.04,0.74,0.35,0.05,1
SKQ202110S,PWS3,B,2021-07-11T05:12:37,-147.6678,60.6697,741,59,30.2,13,0.21,0.21,0.03,0.04,0.24,0.25,0.11,1
SKQ202110S,PWS3,B,2021-07-11T05:10:57,-147.6678,60.6697,741,59,40.62,12,0.05,0.11,0.01,0.02,0.06,0.13,0.17,1
SKQ202110S,PWS3,B,2021-07-11T05:08:55,-147.6678,60.6697,741,59,50.41,11,0.02,0.07,0.00,0.01,0.03,0.09,0.16,1
SKQ202110S,PWS3,B,2021-07-11T05:06:38,-147.6678,60.6697,741,59,75.56,10,0.01,0.06,0.00,0.01,0.01,0.08,0.25,1
SKQ202110S,PSW2,B,2021-07-11T17:10:57,-147.8033,60.534,730,60,1.77,23,1.61,0.45,0.06,0.04,1.68,0.49,0.04,1
SKQ202110S,PSW2,B,2021-07-11T17:08:45,-147.8033,60.534,730,60,10.2,21,0.99,0.39,0.05,0.05,1.04,0.44,0.05,1
SKQ202110S,PSW2,B,2021-07-11T17:06:33,-147.8033,60.534,730,60,20.39,18,0.13,0.15,0.01,0.03,0.13,0.18,0.05,1
SKQ202110S,PSW2,B,2021-07-11T17:04:48,-147.8033,60.534,730,60,30.37,17,0.06,0.11,0.01,0.03,0.07,0.14,0.15,1
SKQ202110S,PSW2,B,2021-07-11T17:02:55,-147.8033,60.534,730,60,40.64,15,0.05,0.09,0.01,0.02,0.06,0.11,0.14,1
SKQ202110S,PSW2,B,2021-07-11T17:01:07,-147.8033,60.534,730,60,50.54,14,0.02,0.07,0.01,0.01,0.03,0.08,0.22,1
SKQ202110S,PSW2,B,2021-07-11T16:58:53,-147.8033,60.534,730,60,75.91,13,0.01,0.05,0.00,0.01,0.01,0.06,0.08,1
SKQ202110S,PWS1,B,2021-07-11T21:30:08,-147.9383,60.3802,344,62,2.1,15,1.02,0.35,0.06,0.04,1.08,0.39,0.05,1
SKQ202110S,PWS1,B,2021-07-11T21:27:59,-147.9383,60.3802,344,62,10.14,14,0.87,0.37,0.04,0.06,0.92,0.44,0.05,1
SKQ202110S,PWS1,B,2021-07-11T21:25:59,-147.9383,60.3802,344,62,20.18,12,0.25,0.18,0.02,0.04,0.27,0.22,0.07,1
SKQ202110S,PWS1,B,2021-07-11T21:24:23,-147.9383,60.3802,344,62,30.41,11,0.13,0.16,0.02,0.04,0.15,0.20,0.12,1
SKQ202110S,PWS1,B,2021-07-11T21:22:42,-147.9383,60.3802,344,62,40.31,10,0.07,0.14,0.02,0.02,0.09,0.16,0.22,1
SKQ202110S,PWS1,B,2021-07-11T21:21:02,-147.9383,60.3802,344,62,50.54,9,0.03,0.09,0.01,0.01,0.04,0.10,0.21,1
SKQ202110S,PWS1,B,2021-07-11T21:18:42,-147.9383,60.3802,344,62,75.47,8,0.02,0.07,0.00,0.01,0.02,0.08,0.14,1
SKQ202110S,KIP2,B,2021-07-11T23:27:40,-147.988,60.2783,575,63,2.06,20,1.04,0.24,0.06,0.03,1.10,0.27,0.05,1
SKQ202110S,KIP2,B,2021-07-11T23:24:49,-147.988,60.2783,575,63,10.21,16,1.30,0.47,0.06,0.06,1.35,0.53,0.04,1
SKQ202110S,KIP2,B,2021-07-11T23:21:43,-147.988,60.2783,575,63,19.92,14,0.56,0.29,0.02,0.04,0.58,0.33,0.04,1
SKQ202110S,KIP2,B,2021-07-11T23:19:49,-147.988,60.2783,575,63,30.22,13,0.19,0.18,0.02,0.03,0.21,0.21,0.08,1
SKQ202110S,KIP2,B,2021-07-11T23:17:59,-147.988,60.2783,575,63,40.51,12,0.14,0.10,0.02,0.02,0.16,0.13,0.12,1
SKQ202110S,KIP2,B,2021-07-11T23:16:02,-147.988,60.2783,575,63,50.31,11,0.06,0.10,0.01,0.01,0.07,0.11,0.17,1
SKQ202110S,KIP2,B,2021-07-11T23:13:55,-147.988,60.2783,575,63,75.91,10,0.02,0.09,0.00,0.01,0.03,0.10,0.18,1
SKQ202110S,IB1,B,2021-07-12T01:49:42,-148.3348,60.2413,157,64,2.18,13,1.31,0.29,0.08,0.02,1.39,0.32,0.06,1
SKQ202110S,IB1,B,2021-07-12T01:47:58,-148.3348,60.2413,157,64,9.76,11,0.82,0.25,0.05,0.02,0.87,0.27,0.05,1
SKQ202110S,IB1,B,2021-07-12T01:46:24,-148.3348,60.2413,157,64,20.15,10,0.23,0.13,0.01,0.01,0.25,0.14,0.05,1
SKQ202110S,IB1,B,2021-07-12T01:44:54,-148.3348,60.2413,157,64,30,9,0.06,0.06,0.01,0.00,0.07,0.06,0.17,1
SKQ202110S,IB1,B,2021-07-12T01:43:23,-148.3348,60.2413,157,64,40.27,8,0.04,0.06,0.01,0.00,0.05,0.06,0.19,1
SKQ202110S,IB1,B,2021-07-12T01:41:48,-148.3348,60.2413,157,64,50.36,7,0.03,0.03,0.01,0.00,0.03,0.03,0.19,1
SKQ202110S,IB1,B,2021-07-12T01:39:44,-148.3348,60.2413,157,64,75.46,6,0.01,0.02,0.00,0.00,0.02,0.01,0.25,1
SKQ202110S,IB0,B,2021-07-12T03:11:02,-148.3612,60.2718,274,65,1.88,16,0.45,0.12,0.02,0.00,0.47,0.13,0.04,1
SKQ202110S,IB0,B,2021-07-12T03:09:13,-148.3612,60.2718,274,65,10.17,14,0.47,0.13,0.03,0.01,0.49,0.13,0.05,1
SKQ202110S,IB0,B,2021-07-12T03:07:35,-148.3612,60.2718,274,65,20.32,13,0.29,0.14,0.01,0.01,0.31,0.15,0.05,1
SKQ202110S,IB0,B,2021-07-12T03:05:56,-148.3612,60.2718,274,65,30.41,12,0.05,0.07,0.01,0.00,0.06,0.07,0.12,1
SKQ202110S,IB0,B,2021-07-12T03:04:18,-148.3612,60.2718,274,65,40.48,11,0.04,0.04,0.01,0.00,0.04,0.04,0.13,1
SKQ202110S,IB0,B,2021-07-12T03:02:51,-148.3612,60.2718,274,65,50.22,10,0.02,0.03,0.00,0.00,0.03,0.03,0.15,1
SKQ202110S,IB2,B,2021-07-12T04:59:51,-148.2333,60.271,155,66,1.62,12,1.52,0.35,0.08,0.04,1.60,0.39,0.05,1
SKQ202110S,IB2,B,2021-07-12T04:57:23,-148.2333,60.271,155,66,10.14,10,1.54,0.31,0.09,0.04,1.63,0.35,0.06,1
SKQ202110S,IB2,B,2021-07-12T04:55:30,-148.2333,60.271,155,66,20.34,9,0.46,0.18,0.02,0.02,0.48,0.21,0.05,1
SKQ202110S,IB2,B,2021-07-12T04:53:36,-148.2333,60.271,155,66,30.38,8,0.13,0.13,0.02,0.02,0.15,0.14,0.14,1
SKQ202110S,IB2,B,2021-07-12T04:51:42,-148.2333,60.271,155,66,40.65,7,0.05,0.08,0.01,0.01,0.07,0.10,0.18,1
SKQ202110S,IB2,B,2021-07-12T04:49:53,-148.2333,60.271,155,66,50.38,6,0.04,0.07,0.01,0.01,0.05,0.08,0.19,1
SKQ202110S,IB2,B,2021-07-12T04:47:31,-148.2333,60.271,155,66,75.65,5,0.01,0.04,0.00,0.00,0.02,0.04,0.16,1
